play name;written;print;number of stages;len_stages_words;verbs set;number of unique verbs
Балаганчик;1906;1906;38;1823;колебать,вынимать,гнаться,видеть,спотыкаться,помолчать,полететь,вздыхать,истекать,толпиться,прижиматься,оттягивать,оживать,теряться,хватать,приходить,душить,вырастать,повисать,сваливаться,заиграть,обнаруживаться,бросаться,прогуливаться,следить,оказываться,откидываться,останавливаться,стоить,услыхать,наклоняться,обращать,убегать,нарисовать,взъерошивать,спрятать,петь,хотеть,болтаться,подходить,касаться,улетать,освещать,распинать,склоняться,целоваться,висеть,шептать,чертить,прыгать,испугать,поболтаться,перегибаться,лопнуть,вскакивать,приподниматься,лежать,копошиться,уходить,просовываться,опускаться,выскакивать,идти,склонять,взвиваться,замечать,опрокидывать,выкидывать,разбегаться,взволновать,врываться,вырезываться,торжествовать,раздергиваться,брать,сидеть,исчезать,стоять,подбегать,раскачиваться,говорить,бродить,прятаться,складывать,умирать,молчать,вытягиваться,кричать,размечтаться,начинать,оживляться,выкатить,появляться,сдвигаться,соединять,смеяться,вылезать,казаться,застыдиться,вырываться,выступать,улыбаться,всплескиваться,удаляться,подниматься,смотреть,высовываться,бить,заниматься,быть,светлеть,очнуться,кружиться,разронять,серебриться,класть,;116
Король на площади;1906;1906;133;3541;вынимать,оставаться,стараться,выпрямляться,срывать,дрожать,зажимать,слышать,охватывать,бороться,просыпаться,возрастать,спать,вздрагивать,разъярять,распространять,заволакиваться,усиливаться,пробираться,обращаться,бормотать,разгораться,опираться,вырастать,отталкивать,искать,сдерживать,следить,переставать,внимать,рушиться,распахивать,звенеть,останавливаться,светать,слышаться,баюкать,вмешиваться,выходить,сбегать,держать,разглядеть,рассыпаться,гулять,нестись,мелькать,собираться,убегать,обращать,брести,играть,захлебываться,расти,петь,заливаться,расходиться,проноситься,подходить,вопить,давать,ждать,клубиться,гореть,рыскать,прибывать,смолкать,качать,возобновляться,покатываться,двинуться,зажигаться,склоняться,прильнуть,вглядываться,замирать,шелестеть,носиться,прыгать,качаться,обнимать,подплывать,упасть,лежать,потряхивать,всхлипывать,начинаться,уходить,опускаться,выскакивать,продавать,идти,прислоняться,кланяться,приближаться,закидывать,вечереть,взвиваться,смешиваться,плакать,блестеть,становиться,укачивать,огибать,бежать,пресыщать,находиться,спускаться,сидеть,затихать,исчезать,стоять,разрывать,сходить,роптать,всходить,говорить,рассеиваться,вступать,хлынуть,сливаться,завертываться,прикасаться,приветствовать,пятиться,умирать,садиться,молчать,подуть,кричать,господствовать,проникать,прорываться,оставлять,хвататься,ломать,шмыгать,начинать,прерываться,гнать,стучать,гудеть,падать,нарушаться,восходить,светиться,появляться,пропадать,направляться,прерывать,продолжаться,доноситься,вылезать,казаться,подхватывать,потускнеть,раздаваться,выныривать,рвать,возвышаться,выступать,метаться,убивать,раскатываться,избороздить,бледнеть,удаляться,присоединяться,струиться,вспыхивать,лететь,подвигаться,подниматься,смотреть,представлять,высовываться,бить,расшатываться,свистеть,трубить,отступать,креститься,взглядывать,отдалять,сгущаться,встречаться,;185
Незнакомка;1906;1906;80;2793;вынимать,оставаться,читать,скатываться,стараться,заглядывать,всматриваться,толпиться,тянуться,жевать,произноситься,просыпаться,делать,доплывать,ерзать,оборачиваться,подрагивать,узнавать,булькать,краснеть,обращаться,опираться,подержать,бросаться,медлить,плыть,переставать,раскрываться,шептаться,построить,мычать,останавливаться,исчерпываться,подзывать,грустить,послушаться,срываться,наклоняться,застегнуть,выходить,вставать,возвращаться,убегать,пить,обращать,встречать,отгонять,умолять,запинаться,запорашивать,подходить,отвечать,давать,ждать,хранить,гореть,опушать,освещать,щелкать,звездиться,сконфузить,обрамлять,торчать,впархивать,хохотать,простереть,сморкаться,вспомнить,колебаться,протягиваться,писать,проскальзывать,удивлять,выскакивать,дремать,идти,открываться,замечать,входить,дымиться,плакать,порхать,блестеть,становиться,осыпать,одевать,бежать,вытаскивать,заминать,сидеть,шарить,исчезать,стоять,подбегать,говорить,продолжать,обрываться,нырнуть,шататься,складывать,обниматься,молчать,садиться,хмелеть,полагаться,кричать,проглатывать,уплотняться,отходить,описывать,долженствовать,волочь,начинать,заслонять,падать,мочь,восходить,закручиваться,светиться,полагать,выпаливать,пропадать,появляться,продолжаться,прерывать,притихать,смеяться,доноситься,грозить,застывать,казаться,хлебать,вырываться,припоминать,улыбаться,вбегать,шипеть,удаляться,присоединяться,расступаться,замолкать,ловить,подниматься,смотреть,потемнеть,рассматривать,хихикать,быть,похрустывать,разносить,кружиться,;151
Дни Турбиных;1926;1926;372;3560;вынимать,оставаться,читать,желать,ронять,видеть,усаживаться,срывать,сталкиваться,окровавливать,увянуть,выламывать,зажимать,делать,переодевать,выглядывать,оживать,передавать,отнимать,приходить,отталкивать,бросаться,вызывать,плыть,останавливаться,разбивать,обривать,пробиваться,пищать,выходить,держать,отворять,отползать,вставать,возвращаться,убегать,пить,играть,отодвигать,кидаться,заплакать,стрелять,бинтовать,петь,подходить,давать,протягивать,гореть,красться,смолкать,котиться,освещать,целовать,звонить,замахиваться,аплодировать,отворяться,склоняться,целоваться,замирать,лопнуть,разуваться,шуметь,закуривать,писать,прислушиваться,уходить,начинаться,удерживать,ударять,идти,кланяться,приближаться,открываться,топить,напевать,снимать,входить,плакать,вешать,разбегаться,утихать,запевать,пробегать,бежать,выпивать,брать,исчезать,передразнивать,говорить,попадать,зарыдать,прятаться,садиться,браться,молчать,гаснуть,кричать,воротиться,отходить,дрогнуть,ломать,начинать,гудеть,падать,выбегать,подавлять,трогать,волноваться,появляться,курить,маршировать,греметь,ложиться,наигрывать,оскаливаться,подлетать,прятать,подхватывать,рвать,усаживать,надевать,пилить,вбегать,тушить,прибегать,вспыхивать,выносить,смотреть,седеть,бить,свистеть,пролетать,креститься,скрываться,укладывать,помогать,взглядывать,;138
Чайка;1895;1895;474;4328;оставаться,читать,сверкать,стараться,видеть,помолчать,срывать,вздыхать,ласкать,дрожать,опечаливать,махать,тереть,накладывать,дразнить,взять,делать,вздрагивать,выглядывать,озябнуть,проходиться,хватать,кивать,треплеть,опираться,искать,сдерживать,вспылить,услышать,сконфузиться,распахивать,напиваться,останавливаться,слышаться,глядеть,выходить,сказать,отворять,вставать,зайти,возвращаться,чокаться,катить,обращать,пить,собираться,играть,раскланиваться,перелистывать,убегать,петь,выть,хотеть,мешать,осматриваться,подходить,поддерживать,давать,протягивать,гореть,нюхать,получать,расчесывать,качать,наливать,топнуть,бывать,целовать,записывать,сколачивать,поцеловать,подбочениться,склоняться,целоваться,прохаживаться,посмотреть,хохотать,обнимать,обрывать,шуметь,ставить,закуривать,писать,прислушиваться,уходить,опускаться,рыдать,идти,кланяться,написать,открываться,напевать,снимать,входить,плакать,пожимать,поправлять,становиться,сдавать,пробегать,бежать,брать,сидеть,встречаться,стоять,подавать,говорить,продолжать,садиться,молчать,кричать,отходить,пошатываться,стучать,волноваться,отрывать,доставать,направляться,раздумывать,завтракать,растрогать,смеяться,держаться,показываться,оглянуться,поглядеть,предполагаться,подумать,прятать,рвать,будить,усаживать,хлопотать,убивать,отражаться,улыбаться,вести,окидывать,кивнуть,надевать,тушить,жать,увидеть,паузить,подниматься,смотреть,облокачиваться,зачеркивать,оглядываться,швырять,одеваться,потягиваться,окликать,помогать,храпеть,класть,;156
Дядя Ваня;1896;1896;412;3829;оставаться,читать,зевать,видеть,стараться,вздыхать,слышать,всматриваться,прижиматься,бороться,покачать,кликать,делать,вздрагивать,оборачиваться,освобождаться,отнимать,кивать,сервировать,искать,сдерживать,ошеломлять,мотать,останавливаться,стоить,растягивать,глядеть,выходить,осматривать,вставать,возвращаться,пить,играть,перелистывать,стрелять,высыпаться,смягчаться,петь,кутать,укреплять,хотеть,мешать,подсвистывать,подходить,давать,протягивать,наливать,целовать,низать,записывать,звонить,будировать,поцеловать,подбочениться,склоняться,целоваться,иметь,вязать,обнимать,ставить,лежать,прислушиваться,писать,уходить,удерживать,дремать,идти,прислоняться,кланяться,слушать,входить,плакать,пожимать,поправлять,становиться,взволновать,выпивать,брать,сидеть,смущать,стоять,подавать,говорить,гладить,затягивать,нагибать,садиться,кричать,свертывать,отходить,погружаться,ломать,хлопать,пошатываться,думать,стучать,полагать,волноваться,припадать,доставать,раздумывать,закручивать,вернуться,растрогать,смеяться,оглянуться,грозить,наигрывать,подумать,прятать,сосчитать,есть,вести,вбегать,ходить,прощаться,рыться,жать,увидеть,смотреть,бить,оглядываться,свистеть,вскрикивать,нагрязнить,очнуться,укладывать,взглядывать,помогать,класть,настраивать,;131
Иванов;1888;1888;549;4786;оставаться,вынимать,читать,ронять,зевать,видеть,вздыхать,сталкиваться,дрожать,махать,всматриваться,бороться,перебивать,дразнить,оторопеть,делать,вздрагивать,разучивать,выглядывать,хватать,кивать,обращаться,вспылить,отбегать,переставать,застреливаться,останавливаться,прицеливаться,глядеть,мяться,выходить,вставать,возвращаться,собираться,пить,играть,гримасничать,раскланиваться,петь,затыкать,хотеть,отвечать,подходить,давать,протягивать,задумываться,гореть,запыхаться,разодевать,касаться,наливать,всплескивать,целовать,щелкать,склоняться,шагать,целоваться,притушивать,прыгать,хохотать,обнимать,отделять,вскакивать,поникать,приподниматься,закрываться,лежать,прислушиваться,возмущаться,уходить,рыдать,идти,кланяться,семенить,вечереть,напевать,слушать,снимать,входить,плакать,пожимать,здороваться,поравняться,одевать,бежать,выпивать,циркулировать,брать,сидеть,стоять,закатываться,подбегать,подавать,прыскать,садиться,кричать,вкопать,отходить,хлопать,задыхаться,пошатываться,думать,падать,кашлять,выбегать,останавливать,волноваться,направляться,отстранять,шутить,подпрыгивать,смеяться,показываться,подумать,прятать,увидать,вести,вбегать,ходить,тушить,обходить,рыться,прикладывать,вспыхивать,увидеть,смотреть,оглядываться,бить,крякать,вскрикивать,потягиваться,разносить,взглядывать,запивать,класть,;135
Юбилей;1891;1891;144;1173;вставать,уходить,стучать,возвращаться,читать,падать,кашлять,гнаться,засучивать,играть,волноваться,идти,обижаться,доставать,вздыхать,дышать,стонать,петь,махать,входить,смеяться,плакать,пожимать,подходить,прятать,протягивать,благодарить,топотать,бежать,вздрагивать,запыхаться,тронуть,вести,служить,целовать,обращаться,щелкать,стоять,целоваться,подавать,продолжать,вспылить,взвизгивать,смотреть,посмотреть,оглядываться,хохотать,садиться,отмахиваться,вскакивать,кричать,обмахиваться,взглядывать,писать,;54
Леший;1889;1889;498;4103;ронять,читать,зевать,вздыхать,накладывать,перебивать,взять,вздрагивать,отнимать,узнавать,умолкать,кивать,сервировать,точить,бросаться,арендовать,застреливаться,любоваться,глядеть,выходить,осматривать,вставать,велеть,возвращаться,убегать,пить,играть,жестикулировать,стонать,петь,кутать,хотеть,подсвистывать,подходить,давать,протягивать,наливать,всплескивать,целовать,звонить,фиксировать,щелкать,целоваться,шептать,хохотать,обнимать,расшаркиваться,прислушиваться,уходить,дремать,идти,кланяться,напевать,преклоняться,слушать,входить,подражать,плакать,нести,скоблить,отворачиваться,здороваться,благодарить,взволновать,бежать,сидеть,вырывать,подавать,прятаться,садиться,кричать,отходить,подслушивать,ломать,хлопать,пошатываться,застегивать,суетиться,стучать,падать,окутывать,волноваться,припадать,вернуться,растрогать,смеяться,показываться,рвать,спешить,хлопотать,есть,увидать,вести,надевать,ходить,тушить,резать,рыться,вспыхивать,увидеть,подниматься,смотреть,оглядываться,одеваться,вскрикивать,очнуться,скрываться,укладывать,помогать,класть,;110
Медведь;1888;1888;102;788;задыхаться,вставать,уходить,падать,возвращаться,трещать,зевать,стараться,топать,идти,отрывать,вздыхать,злиться,слушать,смеяться,входить,плакать,пожимать,дразнить,подходить,становиться,ломаться,задумываться,рвать,наступать,вздрагивать,брать,хватать,звонить,осматривать,вспыхивать,подавать,сюсюкать,увидеть,говорить,целоваться,вскрикивать,останавливаться,садиться,вскакивать,кричать,отходить,глядеть,расшаркиваться,хлопать,класть,хвататься,;47
На большой дороге;1884;1884;213;1979;оставаться,стараться,расплачиваться,вздыхать,махать,спать,оборачиваться,взмахивать,полулежать,хватать,узнавать,дуть,отскакивать,развалиться,отталкивать,укрываться,сконфузиться,переходить,останавливаться,слышаться,глядеть,выходить,держать,отворять,осматривать,вставать,собираться,убегать,пить,стонать,хотеть,осматриваться,подходить,задумываться,захлопывать,качать,наливать,всплескивать,вглядываться,висеть,хохотать,вскакивать,приподниматься,закуривать,уходить,рыдать,идти,кланяться,отдавать,снимать,входить,плакать,пожимать,уступать,становиться,одевать,бежать,вытаскивать,толкать,растягиваться,сидеть,вырывать,стоять,подбегать,подавать,говорить,ежиться,садиться,кричать,вкопать,отходить,уезжать,хлопать,пошатываться,стучать,падать,кашлять,доставать,отстранять,ложиться,смеяться,наигрывать,поглядеть,вести,ходить,подъезжать,тушить,рыться,выносить,ловить,располагаться,подниматься,смотреть,представлять,рассматривать,бить,вскрикивать,высовывать,потягиваться,класть,;100
Ночь перед судом;1884;1884;52;421;уходить,возвращаться,доставать,снимать,входить,тянуться,отвечать,прятать,протягивать,делать,бежать,выглядывать,целовать,вырывать,рыться,увидеть,прыгать,садиться,закапчивать,щупать,кричать,скрываться,подслушивать,писать,;24
Предложение;1888;1888;73;490;пошатываться,уходить,падать,пить,волноваться,стараться,идти,вздыхать,стонать,растрогать,соединять,входить,смеяться,плакать,пожимать,перебивать,дразнить,поглядеть,целовать,хватать,ходить,вбегать,трепать,целоваться,взвизгивать,подниматься,обнимать,кричать,хвататься,;29
Свадьба;1889;1889;96;767;вставать,оставаться,уходить,стучать,кашлять,пить,считать,играть,стараться,усаживаться,идти,кланяться,вздыхать,напевать,махать,растрогать,входить,подражать,струшивать,перебивать,спешить,бежать,хлопотать,запыхаться,докладывать,наливать,вести,отставать,освещать,вспыхивать,целоваться,говорить,увидеть,поперхнуться,воспользоваться,садиться,расслышать,кричать,дрогнуть,выходить,наступать,;41
Татьяна Репина;1889;1889;125;1069;задыхаться,пошатываться,оставаться,уходить,читать,опускаться,пить,идти,кланяться,вздыхать,стонать,дрожать,валяться,греметь,петь,снимать,всматриваться,становиться,давать,рвать,гореть,предоставлять,передавать,вести,всплескивать,венчать,надевать,валить,обращаться,тушить,целоваться,подниматься,венчаться,выходить,полинять,слышаться,кричать,сменять,подпевать,;39
Трагик поневоле (Из дачной жизни);1889;1889;16;191;петь,оглядываться,входить,сидеть,вынимать,гоняться,читать,опускаться,вскакивать,поводить,кричать,топать,наступать,дышать,держать,;15
Три сестры;1900;1900;653;5892;вынимать,оставаться,лить,причесывать,читать,ронять,зевать,заглядывать,вздыхать,ласкать,махать,поздороваться,слышать,тереть,всматриваться,картавить,охватывать,оторопеть,прижиматься,дразнить,прыскаться,спать,вздрагивать,выглядывать,приходить,брызгать,знать,сдерживать,прогуливаться,переставать,раскладывать,останавливаться,рассердиться,стоить,вспотеть,глядеть,сказать,отворять,вставать,собираться,убегать,пить,встречать,играть,проезжать,петь,посвистывать,мешать,подходить,разбиваться,ждать,задумываться,тосковать,расчесывать,всплескивать,целовать,записывать,звонить,аплодировать,целоваться,сконфузить,шептать,огорчать,помешать,хохотать,обнимать,затворять,ставить,лежать,прислушиваться,уходить,начинаться,рыдать,танцевать,спохватываться,идти,кланяться,напевать,слушать,снимать,входить,плакать,нести,пожимать,поправлять,укачивать,здороваться,одевать,взволновать,брать,сидеть,поправляться,смущать,встречаться,стоять,сходить,подавать,говорить,гладить,мыть,тянуть,кидать,шататься,садиться,браться,кричать,отходить,нагибаться,хлопать,начинать,думать,стучать,суетиться,повертывать,выбегать,сдерживаться,трогать,волноваться,доставать,плясать,ложиться,завтракать,растрогать,смеяться,показываться,беседовать,наигрывать,подумать,глядеться,спешить,усаживать,декламировать,улыбаться,вести,окидывать,надевать,ходить,подъезжать,тушить,прощаться,покидать,увидеть,смотреть,бить,оглядываться,рассматривать,вскрикивать,быть,позвать,потягиваться,очнуться,взглядывать,испугаться,отдыхать,класть,;155
Вишневый сад;1903;1903;575;6220;вынимать,оставаться,ронять,читать,зевать,усаживаться,стараться,обнаруживать,называться,вздыхать,заглядывать,дрожать,стихать,сжиматься,махать,скрипеть,ласкаться,сосать,оторопеть,дразнить,утешать,высыпать,просыпаться,делать,потаскать,вздрагивать,пройти,усиливаться,приезжать,отнимать,хватать,дуть,приходить,кивать,бормотать,опираться,забросить,искать,обозначаться,вспылить,бросаться,уронить,темнеть,услышать,переходить,звенеть,мычать,останавливаться,расслышать,рассердиться,слышаться,стоить,настраиваться,глядеть,выходить,держать,отворять,бояться,осматривать,мечтать,возвращаться,убегать,пить,перелистывать,встречать,играть,заплакать,поставлять,петь,хотеть,струшивать,отвечать,подходить,ждать,задумываться,гореть,запыхаться,качать,наливать,бывать,всплескивать,целовать,замахиваться,проносить,аплодировать,меняться,поцеловать,отворяться,удерживаться,целоваться,замирать,сконфузить,шептать,прыгать,лопнуть,хохотать,обнимать,сходиться,затворять,вскакивать,понравиться,цвести,ставить,закуривать,упасть,прислушиваться,возмущаться,лежать,уходить,начинаться,попудриться,опускаться,рыдать,танцевать,идти,кланяться,отдавать,встряхивать,семенить,напевать,схватывать,слушать,снимать,входить,плакать,раздавливать,пожимать,поправлять,опрокидывать,становиться,одевать,бежать,звучать,торжествовать,брать,сидеть,смущать,отъезжать,исчезать,стоять,ездить,подавать,говорить,обрываться,слагать,испугаться,садиться,ощупывать,толкнуть,кричать,отходить,покривиться,хлопать,наступать,утомлять,пошатываться,падать,стучать,мочь,восходить,кашлять,пудриться,полагать,волноваться,трогать,доставать,дышать,вернуться,ложиться,натыкаться,смеяться,показываться,оглянуться,грозить,доноситься,удивляться,наигрывать,поглядеть,кашлянуть,чувствоваться,глядеться,рвать,спешить,раздаваться,возвышаться,хлопотать,стягивать,чистить,топотать,есть,декламировать,улыбаться,вести,окидывать,надевать,подъезжать,ходить,тушить,вбегать,звать,прощаться,рассыпать,жать,увидеть,упоминаться,смотреть,оглядываться,варить,бить,жаловаться,вскрикивать,быть,потягиваться,взглядывать,храпеть,запивать,подпевать,класть,;218
Бригадир;1769;1769;165;1574;вставать,вскотать,пить,видеть,зевать,жеманясти,кидаться,кинуться,заглядывать,вздыхать,курить,держать,схватывать,осердиться,иструситься,петь,входить,смеяться,плакать,оторопеть,остановлять,становиться,сдавать,подумать,давать,придвигать,застыдиться,выступать,разнимать,ухватывать,вести,всплескивать,сидеть,ходить,стоять,аплодировать,передразнивать,подбегать,подавать,увидеть,говорить,отдыхать,пасовать,продолжать,смотреть,вязать,посмотреть,представлять,шептать,услышать,раскладывать,хохотать,приставать,садиться,притворяться,вскакивать,шить,идучивать,ставить,оставлять,отходить,вслушиваться,взглядывать,выходить,кобенясти,шмыгать,;66
Недоросль;1781;1781;339;3022;вынимать,читать,видеть,вздыхать,дрожать,махнуть,усмехаться,взять,смеючиться,примести,узнавать,отталкивать,бросаться,насмехаться,озлобиться,стоить,обробеть,глядеть,выходить,держать,осматривать,вставать,убегать,заплакать,запинаться,сказывать,перевертываться,подвигать,подходить,давать,протягивать,задумываться,запыхаться,тосковать,всплескивать,целовать,замахиваться,вскричать,удерживаться,вглядываться,иметь,остервениться,шептать,вычислять,посмотреть,обнимать,затворять,вскакивать,отмахивать,писать,упасть,ударять,работать,идти,схватывать,входить,становиться,оправлять,бежать,разнимать,брать,вырывать,стоять,выпялить,подбегать,подавать,крестить,продолжать,манить,обертываться,садиться,кричать,мигнуть,вкопать,порываться,отходить,идучивать,доходить,начинать,мочь,выбегать,останавливать,появляться,соединять,держаться,очинивать,смеяться,заслонить,грозить,задрожать,поклониться,вырываться,вбегать,прощаться,ловить,увидеть,уцепляться,бегать,распечатывать,откланиваться,оправляться,смотреть,оглядываться,быть,позвать,очнуться,взглядывать,испугаться,помогать,;109
Лакейская;1840;1840;34;474;оставаться,уходить,убегать,утыкать,идти,схватывать,махнуть,снимать,накидывать,входить,смеяться,тыкать,становиться,протягивать,бежать,спать,вырываться,чистить,сидеть,хватать,стоять,подымать,отворяться,увидеть,смотреть,представлять,звенеть,вскрикивать,насупливаться,пробуждаться,садиться,подыматься,выходить,отворять,;34
Отрывок;1842;1842;34;238;усмехаться,всплескивать,вынимать,вскрикивать,уходить,читать,подходить,развертывать,стараться,раскланиваться,вытаращивать,увидеть,говорить,продолжать,бросаться,прищуривать,смотреть,;17
Ревизор;1835;1835;433;4927;поддерживаться,прихлопывать,оставаться,вынимать,потеряться,читать,трястись,ронять,переворачивать,выговаривать,усаживаться,стараться,помолчать,следовать,сметь,вздыхать,сталкиваться,съеживаться,дрожать,строить,махнуть,махать,устремляться,усмехаться,придерживать,всматриваться,толпиться,перебивать,дразнить,выпрямливаться,разевать,издавать,делать,шлепаться,оборачиваться,выглядывать,ковырять,горячиться,приседать,обращаться,кивать,бормотать,подымать,раздувать,проталкиваться,бросаться,притискивать,осипнуть,пробовать,звенеть,приставать,раскуривать,останавливаться,робеть,приступать,вертеть,выхватываться,излетать,глядеть,выходить,плюнуть,отворять,сказать,вставать,поскальзываться,возвращаться,закинуть,упираться,обращать,развертывать,раскланиваться,растопыривать,трясти,заливаться,хотеть,подходить,плевать,давать,протягивать,задумываться,выпучивать,нюхать,силиться,запыхаться,захлопывать,выставлять,наливать,выпираться,отдвигать,целовать,защищать,свешиваться,щелкать,отворяться,целоваться,сделать,лезть,приподниматься,подыматься,увеличиваться,закуривать,писать,лежать,прислушиваться,уходить,удерживать,опускаться,зажмуривать,происходить,выставляться,кланяться,отдавать,написать,прислоняться,схватывать,остановиться,снимать,входить,относиться,нести,пробегать,бежать,придвигать,толкать,находиться,брать,расставлять,окаменевать,шарить,стоять,толкаться,выталкиваться,придвигаться,подбегать,подавать,говорить,продолжать,храбриться,прищуривать,обрываться,сливаться,прятаться,бодриться,печатать,садиться,молчать,вытягиваться,сохранять,кричать,свертывать,подслушивать,отходить,хвататься,оставлять,переменять,начинать,наклонять,стучать,отдвигаться,падать,надписывать,посвистать,выронить,чихать,превращаться,подпрыгивать,показываться,посматривать,грозить,помирать,прятать,подумать,раздаваться,спешить,подшаркивать,нажаловаться,заикаться,есть,рисоваться,окидывать,размахивать,надевать,вбегать,ходить,бледнеть,резать,лететь,увидеть,распечатывать,оправляться,смотреть,подниматься,представлять,высовываться,рассматривать,бить,вскрикивать,быть,вертеться,высовывать,забегать,испугаться,схватываться,;203
Театральный разъезд после представления новой          комедии;1842;1842;116;1237;припихивать,переговариваться,уходить,удерживать,переворачивать,ударять,идти,появляться,пропадать,заглядывать,растопыривать,сталкивать,весть,махнуть,входить,показываться,пожимать,подходить,рассуждать,давать,подхватывать,раздаваться,делать,бежать,толкать,вести,отставать,целовать,размахивать,надевать,пробираться,узнавать,обращаться,кивать,сходить,подбегать,подавать,говорить,продолжать,смотреть,посторониваться,редеть,подаваться,пустеть,отходить,увеличиваться,выходить,;47
Тяжба;1836;1836;21;143;входить,сидеть,икать,вскрикивать,размахивать,браться,читать,вытаращивать,продолжать,;9
Утро делового человека;1836;1836;27;342;нацеплять,входить,вбегать,звонить,уходить,читать,оживляться,пожимать,вертеть,ударять,развертывать,потягиваться,помолчать,увидеть,оборачиваться,кланяться,вздыхать,устремлять,выходить,выглядывать,накидывать,;21
Женитьба;1835;1835;254;2514;вынимать,притопывать,ронять,читать,считать,стараться,усаживаться,видеть,помолчать,заглядывать,слышать,усмехаться,разевать,делать,оборачиваться,отскакивать,обращаться,подымать,подбочениваться,ошеломлять,размеривать,звенеть,раскладывать,пугать,глядеть,сказать,отворять,вставать,собираться,убегать,раскланиваться,повертываться,запинаться,взъерошивать,мешать,хотеть,осматриваться,подходить,отвечать,давать,разодевать,всплескивать,целовать,пожаловать,вглядываться,целоваться,хохотать,скатывать,закрываться,страшиться,лежать,уходить,подкрадываться,рыдать,дослышать,кланяться,кряхтеть,схватывать,входить,благословлять,плакать,отворачиваться,становиться,бежать,толкать,хмурить,шарить,отъезжать,стоять,выталкиваться,валиться,подавать,говорить,продолжать,гладить,складывать,пятиться,садиться,поглядывать,браться,молчать,барабанить,кричать,переменять,начинать,подступать,соединять,потуплять,обсматривать,подумать,раздаваться,метаться,нарезывать,охать,улыбаться,вбегать,надевать,размахивать,ходить,увидеть,бегать,смотреть,рассматривать,оглядываться,одеваться,вскрикивать,быть,высовывать,щупать,взглядывать,испугаться,прибивать,класть,;113
Егор Булычов и другие;1931;1931;199;2501;оставаться,притопывать,топать,заглядывать,вздыхать,махнуть,зажимать,махать,усмехаться,слышать,придерживать,повертеть,взять,дуть,бормотать,притоптывать,переставать,откидываться,шептаться,останавливаться,зевнуть,нахмуриться,глядеть,выходить,вставать,возвращаться,убегать,пить,встречать,пропотевать,петь,хотеть,осматриваться,подходить,поддерживать,гореть,шепнуть,качать,щелкнуть,целовать,замахиваться,шевелиться,ошалевать,спорить,шептать,чертить,возиться,обнимать,торопиться,затворять,вскакивать,встрепывать,закуривать,рычать,упасть,писать,удивлять,уходить,подкрадываться,танцевать,идти,тащить,напевать,слушать,замечать,входить,подражать,плакать,врываться,бежать,вытаскивать,пропотеть,брать,сидеть,спускаться,исчезать,вырывать,стоять,сходить,зацепляться,подбегать,подавать,говорить,гладить,мыть,сдвигать,взвизгивать,спрятаться,пятиться,садиться,хмуриться,отмахиваться,молчать,кричать,прижимать,шаркать,отходить,оставлять,изумлять,покачнуться,выругаться,стучать,гудеть,падать,кашлять,припадать,позевнуть,плясать,наклонить,ложиться,смеяться,держаться,кривить,ворчать,поклониться,подумать,улыбаться,вести,вбегать,обходить,прибегать,откашливаться,смотреть,отрываться,оглядываться,придерживаться,перехватывать,бить,рассматривать,быть,трубить,щупать,посмеиваться,кружиться,укладывать,;135
На дне;1902;1902;521;6422;читать,желать,стряхивать,гнаться,зевать,хозяйничать,видеть,помолчать,топать,следовать,заглядывать,вздыхать,сталкиваться,стараться,съеживаться,дрожать,стихать,зажимать,махать,усмехаться,скрипеть,толпиться,прижиматься,жевать,просыпаться,делать,обрубать,вздрагивать,оборачиваться,зарастать,прикреплять,обвалиться,выглядывать,взмахивать,теряться,отнимать,хватать,кивать,бормотать,трепать,отталкивать,пугаться,искать,рождаться,звякать,бросаться,следить,расталкивать,переставать,пробовать,помахивать,распахивать,отвертываться,останавливаться,заходить,разбивать,глядеть,выходить,осматривать,отворять,кроить,сказать,наклоняться,вставать,успокаиваться,возвращаться,закинуть,собираться,убегать,пить,играть,встречать,визжать,расти,стонать,петь,выть,конфузиться,озлоблять,хотеть,свистнуть,осматриваться,пытаться,подходить,отвечать,поддерживать,плевать,давать,протягивать,задумываться,красться,качать,наливать,освещать,спорить,отворяться,жить,сконфузить,грызть,висеть,оборвать,шептать,прыгать,хохотать,возиться,обнимать,вскакивать,затворять,примеривать,приподниматься,влезать,выхватывать,лежать,рычать,прислушиваться,засорять,уходить,ударять,работать,сгибаться,раздеваться,идти,приближаться,отдавать,встряхивать,напевать,склонять,слушать,чинить,входить,подражать,плакать,заливать,становиться,стаивать,запевать,бежать,толкать,звучать,выпивать,торжествовать,укладываться,брать,сидеть,исчезать,стоять,передразнивать,говорить,продолжать,гладить,взвизгивать,прятаться,шататься,сломать,пятиться,садиться,молчать,приплясывать,закапчивать,вытягиваться,гаснуть,кричать,прижимать,отходить,вслушиваться,хлопать,наблюдать,начинать,задыхаться,наклонять,суетиться,стучать,падать,кашлять,выбегать,сомневаться,повертывать,исковеркивать,трогать,появляться,направляться,прерывать,накидывать,слезать,ложиться,смеяться,распарывать,доноситься,держаться,грозить,ворчать,вспрыгивать,помещаться,облокотиться,молиться,подхватывать,раздаваться,усаживать,стягивать,метаться,размахиваться,дребезжать,фыркать,улыбаться,постоять,увидать,вести,надевать,размахивать,обходить,удаляться,выносить,растрепывать,подвигаться,подниматься,смотреть,выскочить,высовываться,оглядываться,придерживаться,бить,очерчивать,свистеть,быть,высовывать,посмеиваться,являться,отступать,скрываться,помогать,класть,отодвигаться,приготовляться,встречаться,;234
Горе от ума;1824;1824;210;1957;ронять,терять,видеть,зевать,помолчать,сталкиваться,зажимать,слышать,просыпаться,делать,спать,оборачиваться,умолкать,обращаться,душить,фортопиять,искать,отталкивать,бросаться,отправляться,раскрываться,заигрывать,останавливаться,глядеть,выходить,держать,оборачивать,вставать,покашливать,спрятать,затыкать,хотеть,расходиться,осматриваться,подходить,красться,стучаться,целовать,освещать,свешиваться,примыкать,брезжиться,направлять,хохотать,обнимать,виться,уходить,идти,входить,бежать,укутывать,спускаться,сидеть,подавать,говорить,продолжать,прятаться,пятиться,обниматься,садиться,разбредаться,гаснуть,кричать,шаркать,отходить,уезжать,суетиться,падать,останавливать,пропадать,вернуться,ползать,хлопотать,вести,выталкивать,вбегать,тушить,жать,увидеть,оправляться,смотреть,оглядываться,кочевать,быть,являться,потягиваться,кружиться,скрываться,жаться,;89
Актеон;1913;1913;55;510;набегать,уходить,падать,болтать,работать,ворочать,раздеваться,выпрямляться,появляться,замечать,ложиться,петь,стирать,входить,подходить,разбегаться,ломаться,протягивать,поддаваться,метаться,качать,отшатываться,исчезать,озираться,звать,охотиться,выносить,говорить,отдыхать,подниматься,смотреть,перекликаться,откидываться,обнимать,садиться,хмуриться,кричать,скандировать,помогать,наклоняться,лежать,начинать,;42
Дитя Аллаха;1916;1916;66;477;уходить,падать,читать,убегать,танцевать,идти,появляться,петь,входить,молиться,подлетать,пробегать,оборачиваться,убивать,передавать,сидеть,удаляться,склоняться,бить,биться,умирать,останавливаться,пролетать,отступать,скрываться,выезжать,сбегать,;27
Дон-Жуан в Египте;1911;1911;42;286;представлять,рассматривать,входить,оглядываться,обнимать,настаивать,глядеть,хотеть,подходить,поправлять,становиться,бормотать,уходить,коситься,повертываться,продолжать,отходить,выходить,схватывать,хвататься,;20
Гондла;1916;1916;62;580;втыкать,опускаться,убегать,играть,продолжаться,слушать,петь,смеяться,входить,показываться,протягивать,передавать,втаскивать,освещать,сидеть,целовать,надевать,склоняться,закалываться,прятаться,пробовать,обнимать,садиться,кричать,очнуться,отступать,ставить,выходить,наклоняться,;29
Американцы;1778;1778;140;1132;вынимать,фолать,окружать,уходить,удерживать,ударять,убегать,пить,выбегать,встречать,видеть,тащить,ласкать,раздвигаться,готовить,ложиться,петь,входить,обезоруживать,показываться,смеяться,нести,подходить,дразнить,разымать,вывертываться,вырываться,целовать,вбегать,сороть,схватить,искать,бросаться,шептать,представлять,оглядываться,обнимать,ощупывать,садиться,рассердиться,лезть,оставлять,испугаться,выходить,держать,лежать,;46
Подщипа или Трумф;1800;1800;99;642;вставать,вынимать,вкладывать,уходить,опускаться,происходить,зевать,видеть,дремать,тащить,кланяться,отдавать,схватывать,упадать,петь,плакать,подходить,давать,привставать,толкать,красться,брать,вбегать,отскакивать,вырывать,подавать,смотреть,прыгать,обнимать,ощупывать,садиться,щупать,храпеть,опамятоваться,начинать,;35
Сонный порошок или похищенная крестьянка;1798;1798;88;913;вставать,вынимать,уходить,пить,видеть,зевать,идти,воздыхать,вздыхать,готовить,снимать,входить,подражать,посматривать,хотеть,удивляться,казаться,давать,одевать,делать,бежать,спать,толкать,наливать,брать,сидеть,стучаться,стоять,смеркаться,жать,говорить,просить,тянуть,сделать,представлять,прибавляться,садиться,затворять,кричать,отходить,помогать,идучивать,выходить,осматривать,отворять,класть,начинать,;47
Урок дочкам;not specified in tei;not specified in tei;144;1063;уходить,возвращаться,глядеть,падать,убегать,видеть,входить,гоняться,почесывать,показываться,хотеть,плакать,нести,придерживать,подходить,давать,делать,расхаживать,перекланиваться,выглядывать,приседать,сидеть,кивать,становить,схватить,увидеть,выбиваться,бросаться,откланиваться,вязать,хохотать,садиться,услуживать,пересаживаться,отходить,исполнять,вслушиваться,барахтаться,;38
Демофонт;1751;1751;54;371;вкладывать,хватать,вынять,хотеть,целовать,удерживать,становиться,оборотиться,закалываться,отступать,увидеть,хвататься,держать,схватывать,;14
Тамира и Селим;not specified in tei;not specified in tei;53;340;селить,нарсить,сражаться,вынимать,ослабевать,хотеть,вырывать,становиться,закалываться,разнимать,схватывать,;11
Баня;1929;1929;119;1838;вливаться,ронять,мерять,выговаривать,махать,придерживать,всматриваться,загораться,оттягивать,сгребать,распахиваться,отшатываться,передавать,преследовать,вталкивать,дуть,приходить,диктовать,освещаться,трусить,бросаться,подкручивать,переходить,скидывать,распахивать,останавливаться,выходить,наклоняться,приоткрываться,перелистывать,повторять,проборматывать,поставлять,жестикулировать,трясти,охлаждаться,пытаться,отстраняться,поддерживать,хранить,гореть,захлопывать,объяснять,догонять,накручивать,втыкаться,возиться,обнимать,приливать,вскакивать,лезть,придавливать,подтягивать,выхватывать,прислушиваться,уходить,начинаться,выскакивать,идти,семенить,напевать,замечать,слушать,снимать,входить,тухнуть,пожимать,пробегать,врываться,толкать,обжигаться,рвануться,сидеть,разваливаться,валиться,подбегать,секретарствовать,говорить,продолжать,дозваниваться,прятаться,отмахиваться,кричать,прижимать,отбивать,сверять,запаивать,хлопать,наступать,начинать,крутить,похлопывать,копировать,стучать,выбегать,светиться,останавливать,отрывать,доставать,отстранять,появляться,отделяться,свисать,показываться,разматывать,пересматривать,размахивать,вбегать,ходить,прощаться,выключать,смотреть,свистеть,грузить,скрываться,класть,;116
Дети Ванюшина;1901;1901;471;9661;позволять,вынимать,оставаться,причесывать,читать,желать,терять,сообщать,считать,видеть,стараться,спотыкаться,топать,следовать,нажимать,ласкать,сталкиваться,дрожать,сжиматься,расстраивать,расстегивать,задумывать,слышать,тереть,подергивать,прижиматься,взять,принадлежать,дразнить,приготовлять,действовать,допивать,побледнеть,раздражаться,делать,оборачиваться,привставать,успевать,искалечивать,выглядывать,присутствовать,заваривать,приходить,обращаться,трепать,опираться,освещаться,рекомендовать,отталкивать,искать,уверяться,сдерживать,отбегать,вызывать,следить,переставать,ошеломлять,решаться,скидывать,отвертываться,приставать,останавливаться,дотрагиваться,скакать,стоить,растягивать,глядеть,взяться,белиться,выходить,сказать,отворять,бояться,вспоминать,растериваться,вставать,наполняться,держать,встревожить,окружать,называть,ожидать,обрадовать,возвращаться,подчеркивать,делаться,недоумевать,убегать,окаймлять,исключать,пить,обращать,кидаться,перелистывать,играть,повторять,определять,удаваться,проезжать,спрятать,петь,состарить,озлоблять,хотеть,проноситься,осматриваться,мешать,подходить,поддерживать,покачивать,давать,ждать,задумываться,протягивать,заменять,смолкать,остолбенеть,качать,наливать,догонять,сажать,всплескивать,освещать,целовать,кипеть,поступать,отворяться,поцеловать,склоняться,целоваться,сконфузить,висеть,шептать,посмотреть,сделать,хохотать,обнимать,пробуждаться,торопиться,вскакивать,увивать,вспомнить,раздражать,подыматься,ставить,закуривать,писать,прислушиваться,упасть,приотворять,удивлять,уходить,багроветь,удерживать,опускаться,рыдать,ударять,нахмуриваться,выскакивать,происходить,раздеваться,обрадоваться,идти,написать,отдавать,увлекаться,раздуваться,кланяться,чувствовать,тащить,схватывать,прийти,замечать,слушать,снимать,входить,проходить,плакать,относиться,сбрасывать,вдохновляться,нести,блестеть,становиться,здороваться,одевать,пробегать,бежать,взволновать,владеть,жеманиться,выпивать,подставлять,находиться,спускаться,брать,обжигаться,пересиливать,расставлять,встречаться,сердиться,сидеть,стоять,озираться,разваливаться,передразнивать,сходить,захватить,подбегать,подавать,говорить,продолжать,гладить,попадать,кидать,синеть,наделять,прятаться,бродить,учиться,шататься,садиться,молчать,кричать,прижимать,дергать,поздравлять,оставлять,подслушивать,хвататься,погружаться,отходить,хлопать,шепелявить,доходить,куриться,начинать,думать,стучать,падать,мочь,выбегать,подавлять,полагать,волноваться,овладевать,появляться,доставать,унаследовать,пропадать,мочить,курить,дышать,отстранять,превращаться,отделяться,шутить,смеяться,держаться,показываться,доноситься,уяснять,помещаться,молиться,прятать,подсматривать,подумать,раздаваться,усаживать,вырываться,выступать,навертываться,есть,улыбаться,увидать,тронуть,вести,вбегать,надевать,ходить,тушить,осматривать,звать,лопать,заставлять,вспыхивать,растрепывать,увидеть,смотреть,отрываться,вываливаться,ободрять,одеваться,бить,вскрикивать,быть,пересчитывать,завивать,раздваивать,рассматривать,щупать,затрагивать,скрываться,взглядывать,помогать,уметь,накинуть,класть,схватываться,;309
Бедность не порок;1854;1854;352;3598;вынимать,читать,стараться,переминаться,помолчать,заглядывать,вздыхать,махнуть,зажимать,прижиматься,покачать,любить,припевать,разгорячаться,повесить,ухватывать,хватать,кивать,обращаться,трепать,обедать,сдерживать,составлять,переставать,водить,останавливаться,ошибаться,выходить,вставать,окружать,возвращаться,собираться,убегать,пить,играть,раскланиваться,поставлять,сыпать,петь,прилегать,хотеть,мешать,подходить,давать,протягивать,задумываться,наливать,топнуть,освещать,целовать,управлять,целоваться,шептать,прыгать,хохотать,обнимать,затворять,вскакивать,подтягивать,ставить,писать,удивлять,уходить,ударять,происходить,дремать,идти,кланяться,отдавать,схватывать,слушать,снимать,входить,утираться,плакать,становиться,отворачиваться,запевать,одевать,брать,сидеть,стоять,откупоривать,подавать,говорить,продолжать,гладить,складывать,садиться,приплясывать,молчать,поглядывать,вкопать,коситься,отходить,наступать,начинать,стучать,засучивать,полагать,доставать,плясать,ложиться,смеяться,наигрывать,прятать,декламировать,надевать,ходить,заставлять,подвигаться,пригорюниваться,смотреть,бить,заниматься,рассматривать,подыгрывать,взглядывать,класть,;119
Бесприданница;1878;1878;379;3847;вынимать,читать,ронять,оскорблять,стараться,жевать,вздрагивать,хватать,слабеть,кивать,отталкивать,бросаться,отбегать,переходить,приставать,глядеть,завертывать,выходить,разгорячиться,вставать,закинуть,обращать,убегать,пить,раскланиваться,стрелять,петь,конфузиться,хотеть,подвигать,подходить,отвечать,давать,меблировать,задумываться,наливать,целовать,целоваться,ставить,закрываться,лежать,прислушиваться,уходить,опускаться,ударять,происходить,идти,кланяться,отдавать,напевать,схватывать,снимать,входить,пожимать,запевать,брать,сидеть,стоять,подстраивать,подавать,говорить,продолжать,спрятаться,обниматься,садиться,отходить,нагибаться,хвататься,погружаться,падать,выбегать,доставать,оробеть,смеяться,показываться,грозить,поглядеть,подумать,вести,надевать,ходить,обметать,жать,смотреть,рассматривать,надуваться,взглядывать,прибивать,класть,;89
Гроза;1859;1859;297;2748;зевать,видеть,помолчать,вздыхать,ласкать,махнуть,слышать,прижиматься,взять,покачать,делать,оборачиваться,освобождаться,зажмуриваться,выглядывать,хватать,обращаться,подымать,отталкивать,бросаться,прогуливаться,переставать,сконфузиться,останавливаться,стоить,глядеть,выходить,осматривать,держать,приклоняться,растериваться,гулять,вставать,возвращаться,собираться,обращать,убегать,играть,раскланиваться,кидаться,растопыривать,петь,прилегать,хотеть,подходить,плевать,задумываться,качать,топнуть,целовать,целоваться,посмотреть,обнимать,вскакивать,закрываться,прислушиваться,уходить,притаиться,рыдать,опускаться,идти,кланяться,снимать,входить,плакать,нести,отворачиваться,становиться,запевать,бежать,высматривать,брать,сидеть,сердиться,стоять,передразнивать,сходить,подбегать,подавать,пойти,всходить,продолжать,манить,свистать,прятаться,разрушаться,садиться,дергать,отходить,хвататься,начинать,стучать,падать,шутить,смеяться,показываться,потуплять,подумать,прятать,улыбаться,увидать,вбегать,смотреть,оглядываться,вскрикивать,потягиваться,потупляться,взглядывать,класть,;109
Снегурочка;1873;1873;229;3621;набегать,вынимать,оставаться,зевать,видеть,стараться,брусить,ласкать,дрожать,махать,прижиматься,завидеть,оборачиваться,выглядывать,передавать,обращаться,кивать,подымать,потчевать,повисать,пошатнуться,бросаться,допевать,переставать,водить,догорать,выходить,нестись,гулять,вставать,окружать,угощаться,возвращаться,убегать,пить,играть,сыпать,петь,расходиться,подвигать,хотеть,подходить,поддерживать,касаться,качать,целовать,зажмуриться,меняться,разделяться,униматься,биться,обнимать,сходиться,проваливаться,цвести,подыматься,упасть,прислушиваться,расписывать,покрываться,уходить,удерживать,прилипать,опускаться,оканчиваться,идти,кланяться,отдавать,снимать,приниматься,входить,серебрить,плакать,нести,становиться,запевать,благодарить,одевать,бежать,толкать,подставлять,спускаться,сидеть,брать,вызолачивать,исчезать,вырывать,стоять,порастать,сходить,прясть,подавать,говорить,рассеиваться,манить,прятаться,охорашиваться,таять,складывать,садиться,молчать,кричать,отходить,хвататься,начинать,прилетать,падать,выбегать,засучивать,светиться,плясать,ложиться,драться,показываться,вылезать,прорезывать,сыпаться,вырываться,увидать,сближаться,надевать,ходить,прибегать,оправляться,смотреть,подниматься,представлять,рассматривать,потягиваться,подталкивать,жаться,приготовляться,класть,;133
Свои люди – сочтемся;1849;1849;232;1932;вставать,вынимать,уходить,возвращаться,читать,рыдать,опускаться,пить,ворочать,считать,зевать,смотреться,помолчать,кланяться,идти,доставать,вздыхать,отдавать,входить,смеяться,показываться,плакать,хотеть,подходить,становиться,давать,меблировать,задумываться,делать,бежать,усаживать,красться,наливать,сидеть,преследовать,надевать,хватать,замахиваться,ходить,целовать,стоять,трепать,сходить,неуспокоиться,подбегать,целоваться,подавать,деваться,выносить,бегать,просматривать,бросаться,отказываться,вальсировать,смотреть,шептать,рассматривать,охорашиваться,хохотать,садиться,молчать,вскакивать,кричать,лезть,прижимать,охорашивать,скрываться,отходить,глядеть,ставить,класть,;71
Волки и овцы;1875;1875;426;4067;вынимать,читать,считать,зевать,обижаться,заглядывать,вздыхать,махнуть,взять,покачать,поцеловаться,растворять,подымать,диктовать,отодвигаться,бросаться,глядеть,выходить,осматривать,застегнуть,отворять,вставать,возвращаться,убегать,пить,развертывать,раскланиваться,сосчитывать,посвистывать,хотеть,осматриваться,подходить,давать,вытягивать,нюхать,понюхать,сажать,наливать,качать,целовать,звонить,щелкать,склоняться,хохотать,обнимать,затворять,приподниматься,прислушиваться,уходить,опускаться,ударять,сгибаться,идти,кланяться,отдавать,вечереть,склонять,слушать,снимать,входить,плакать,нести,пожимать,становиться,отворачиваться,одевать,придвигать,выпивать,брать,стоять,разрывать,подавать,говорить,свистать,обессилевать,садиться,хвататься,погружаться,стучать,полагать,смеяться,показываться,грозить,прятать,подумать,увидать,вести,надевать,вбегать,жать,распечатывать,смотреть,высовываться,рассматривать,вскрикивать,взглядывать,накинуть,класть,;98
Сговор Кутейкина;not specified in tei;not specified in tei;63;533;охмелеть,уходить,броситься,вскотать,пить,зевать,кланяться,оробеть,уставлять,схватывать,петь,входить,хотеть,взять,отворить,подходить,просыпаться,разнимать,толкать,размахиваться,заснуть,сажать,наливать,подавать,целоваться,увидеть,пугаться,образумиться,представлять,испугаться,садиться,смаковать,кричать,взглядывать,храпеть,наткнуться,;36
Блонды;1853;1853;87;1089;вставать,вынимать,суетиться,падать,подкрадываться,ронять,удерживать,прикалывать,читать,убегать,смотреться,останавливать,передергивать,написать,обижаться,прерывать,замечать,снимать,входить,всматриваться,подкатываться,мешать,грозить,хотеть,подходить,одевать,раздаваться,взволновать,оборачиваться,выпивать,выглядывать,распахиваться,улыбаться,сажать,целовать,вбегать,обращаться,разрывать,стоять,подымать,прикладывать,поцеловать,жать,отталкивать,подавать,целоваться,продолжать,сдерживать,взбивать,бросаться,смотреть,прятаться,рассматривать,прыскать,обводить,складывать,быть,останавливаться,садиться,молчать,очнуться,потупляться,переменять,вслушиваться,выходить,держать,лежать,класть,начинать,;69
Черепослов, сиречь Френолог;1856;1856;161;3088;оставаться,стараться,усаживаться,помолчать,вздыхать,сталкиваться,съеживаться,задремать,подсмеиваться,всматриваться,стареть,примачивать,перебивать,прижиматься,делать,вздрагивать,оборачиваться,грозиться,передавать,приседать,приподымать,преследовать,обращаться,подымать,опираться,отталкивать,пугаться,бросаться,следить,повторяться,приставать,построить,останавливаться,робеть,драть,обривать,пробиваться,выходить,держать,вставать,поскальзываться,перелистывать,петь,хотеть,подходить,отвечать,задумываться,запыхаться,перебегать,захлопывать,твердить,качать,целовать,удерживаться,устанавливаться,исчерчивать,брить,висеть,воспользоваться,знакомиться,вязать,посмотреть,сделать,вскакивать,раздражать,передвигаться,ставить,писать,прислушиваться,всхлипывать,уходить,удерживать,рыдать,ударять,опускаться,происходить,дремать,идти,приближаться,написать,кланяться,встряхивать,слушать,снимать,приниматься,входить,благословлять,плакать,сбрасывать,отворачиваться,становиться,переменяться,пробегать,придвигать,жеманиться,находиться,сидеть,расставлять,вырывать,стоять,подбегать,подавать,оканчивать,говорить,продолжать,обертываться,ощупывать,садиться,отмахиваться,кричать,нарушать,начинать,заслонять,наклонять,падать,фальшивить,выбегать,останавливать,прерывать,ободряться,рассердить,подхватывать,раздаваться,фыркать,надевать,ходить,сморщиваться,прикладывать,смотреть,представлять,рассматривать,заниматься,бить,отдыхиваться,кокетничать,отступать,испугаться,накинуть,;138
Спор древних греческих философов об изящном;not specified in tei;not specified in tei;15;584;оставаться,отодвигать,направляться,закидывать,возлагать,ползать,сосать,отворачиваться,приостанавливаться,сближаться,постоять,стоять,выдвигать,опираться,зеленеть,продолжать,разгорячиться,направлять,изгибаться,смотреть,представлять,откидываться,быть,останавливаться,начинать,летать,переставлять,взглядывать,выходить,доходить,куриться,;31
Борис Годунов;1825;1825;172;1320;вставать,вынимать,окружать,уходить,строиться,начинаться,читать,лежать,рыдать,убегать,пить,останавливать,играть,идти,кланяться,приближаться,ложиться,петь,расседлывать,входить,смеяться,всматриваться,расходиться,плакать,подходить,давать,обвесить,задумываться,бежать,спать,выступать,нестись,вести,освещать,целовать,хватать,встречаться,ехать,вырывать,стоять,щелкать,отворяться,разуздывать,удаляться,сходить,расступаться,выносить,подавать,издыхать,продолжать,бросаться,свистать,безмолвствовать,смотреть,затягивать,чертить,переходить,бить,шептаться,быть,пробуждаться,трубить,садиться,пустеть,поникать,скакать,молчать,являться,отходить,глядеть,выходить,осматривать,писать,класть,;74
Каменный гость;1830;1830;40;261;петь,вставать,входить,целовать,биться,уходить,стучать,падать,кивать,вбегать,проваливаться,останавливать,делать,кидаться,идти,выходить,осматривать,слушать,;18
Моцарт и Сальери;1830;1830;17;124;входить,хохотать,уходить,пить,играть,идти,;6
Пир во время чумы;1830;1830;9;80;петь,вставать,входить,оставаться,уходить,приходить,управлять,пить,ехать,наполнять,продолжаться,;11
Русалка;1832;1832;45;356;вставать,оставаться,уходить,падать,идти,отдавать,кормить,входить,показываться,расходиться,сымать,подходить,осыпать,давать,рвать,сыпаться,дарить,наливать,сидеть,прясть,целоваться,говорить,бросаться,прятаться,молчать,садиться,скрываться,выходить,;28
Скупой рыцарь;1830;1830;23;162;входить,хотеть,уходить,стучать,подымать,всыпать,подавать,отымать,бросаться,выходить,смотреть,;11
Сцены из рыцарских времен;1835;1835;39;284;вставать,уходить,падать,ранить,пить,трогаться,беситься,петь,входить,смеяться,расходиться,сымать,разбегаться,наезжать,почесываться,толкать,стучаться,хватать,замахиваться,медлить,бросаться,бить,нападать,садиться,скрываться,выходить,ехать,лежать,;28
Димитрий Самозванец;1770;1770;57;479;закалывать,сидеть,вручать,вынимать,хватать,приходить,восставать,опускаться,вырывать,подымать,ударять,приближаясти,отступать,спать,вступать,говорить,подыматься,издыхать,метать,;19
Хорев;1747;1747;33;262;метать,выходить,говорить,отходить,отъять,;5
Семира;1751;1751;77;610;падать,броситься,удерживать,становясти,идти,отдавать,входить,хотеть,становиться,метать,вести,восставать,подымать,закалываться,иметь,всходить,бросаться,умирать,садиться,сноситься,отходить,выхватывать,подписывать,;23
Власть тьмы, или 'коготок увяз, всей птичке          пропасть';1886;1886;604;6078;икать,ржать,читать,трястись,видеть,зевать,перевивать,вздыхать,дрожать,махать,скрипеть,толпиться,оторопеть,перебивать,сторониться,взять,кликать,просыпаться,делать,спать,вздрагивать,сгребать,выглядывать,разгорячаться,повесить,ковырять,приезжать,отнимать,хватать,узнавать,приходить,бормотать,трепать,отдуваться,отталкивать,искать,бросаться,шептаться,мотать,останавливаться,расслышать,подзывать,вертеть,стоить,глядеть,выходить,завертывать,отворять,держать,разгорячиться,вставать,повязываться,возвращаться,хныкать,убегать,упираться,пить,развертывать,встречать,обращать,повертываться,раздевать,прикидывать,петь,выть,затыкать,хотеть,перевертываться,подходить,отстраняться,плевать,отвечать,поддерживать,рассуждать,задумываться,качать,кончать,цепляться,наливать,присаживаться,всплескивать,догонять,замахиваться,щелкать,отворяться,смеркаться,удерживаться,замирать,вязать,шептать,возиться,обнимать,обрывать,разуваться,вскакивать,обувать,лезть,влезать,подыматься,подмигивать,ставить,выхватывать,закуривать,рычать,прислушиваться,лежать,закрываться,уходить,удерживать,ударять,работать,выскакивать,происходить,раздеваться,идти,кланяться,прислоняться,отдавать,тащить,схватывать,чинить,слушать,снимать,приниматься,входить,справляться,проходить,плакать,обуваться,становиться,отворачиваться,бежать,толкать,выпивать,брать,сидеть,выползать,спускаться,стоять,передразнивать,сходить,прясть,подавать,говорить,продолжать,разглядывать,мыть,манить,тянуть,взвизгивать,кидать,приглядываться,отдергиваться,шататься,складывать,садиться,хмуриться,поглядывать,молчать,притворяться,напирать,кричать,дергать,отходить,нагибаться,переменять,хвататься,уезжать,начинать,падать,оживляться,повертывать,выбегать,засучивать,останавливать,доставать,отстранять,сталкивать,курить,ложиться,слезать,держаться,смеяться,показываться,грозить,ворчать,вылезать,прятать,подхватывать,вырываться,есть,улыбаться,выталкивать,вбегать,надевать,светить,встряхиваться,замолкать,подниматься,облокачиваться,смотреть,представлять,оглядываться,высовываться,одеваться,вскрикивать,быть,сопеть,спрыгивать,подпоясываться,посмеиваться,разносить,подталкивать,креститься,укладывать,ткать,взглядывать,скрываться,жаться,класть,;220
Где тонко, там и рвётся;1847;1847;273;3130;оставаться,вынимать,читать,переминаться,помолчать,заглядывать,вздыхать,сталкиваться,перебивать,оборачиваться,пробираться,краснеть,обращаться,трепать,растворяться,закатывать,переставать,решаться,останавливаться,заговаривать,глядеть,завертывать,выходить,держать,вставать,ожидать,возвращаться,воцаряться,восклицать,собираться,убегать,играть,раскланиваться,заплакать,хотеть,мешать,подходить,отвечать,давать,протягивать,задумываться,нюхать,качать,целовать,звонить,отворяться,прохаживаться,висеть,откидывать,обнимать,подмигивать,ставить,писать,уходить,удерживать,идти,кланяться,замечать,покраснеть,входить,ухмыляться,пожимать,разбегаться,отворачиваться,становиться,одевать,бежать,толкать,находиться,брать,стоять,разрывать,подавать,говорить,продолжать,садиться,поглядывать,браться,молчать,кричать,свертывать,поздравлять,отходить,начинать,дерзать,наклонять,стучать,падать,оживляться,кашлять,смеяться,посматривать,потуплять,наигрывать,поглядеть,подумать,раздаваться,выступать,докладывать,улыбаться,вести,надевать,вбегать,ходить,удаляться,звать,жать,глянуть,увидеть,подвигаться,откашливаться,подниматься,смотреть,представлять,оглядываться,рассматривать,взглядывать,хотеться,класть,;119
Холостяк;1849;1849;687;7455;вынимать,оставаться,пучиться,читать,желать,оскорблять,выговаривать,выпрямляться,помолчать,передергивать,следовать,сметь,вздыхать,сталкиваться,опечаливать,устремляться,махать,слышать,усмехаться,перебивать,разевать,издавать,делать,кликать,вздрагивать,оборачиваться,приседать,приговаривать,отнимать,теряться,узнавать,умолкать,краснеть,обращаться,кивать,приходить,трепать,отталкивать,искать,знать,бросаться,пододвигаться,прицеплять,уронить,отвертываться,раскуривать,мычать,останавливаться,робеть,вертеть,скрестить,глядеть,выходить,сказать,завертывать,держать,отворять,растериваться,вставать,помиловать,возвращаться,воцаряться,хныкать,подсаживаться,собираться,упираться,убегать,пить,развертывать,раскланиваться,заплакать,уставлять,посвистывать,конфузиться,хотеть,подходить,отвечать,плевать,рассуждать,ждать,протягивать,поддерживать,понюхать,жмуриться,застегиваться,заснуть,качать,наливать,кончать,целовать,пучить,вглядываться,замирать,сконфузить,шептать,прыгать,впадать,лопнуть,обнимать,давиться,вскакивать,сморкаться,приподниматься,переглядываться,ставить,понукать,закуривать,лежать,прислушиваться,набивать,всхлипывать,вкладывать,уходить,рыдать,опускаться,спохватываться,идти,кланяться,отдавать,приближаться,закидывать,коробить,схватывать,слушать,замечать,снимать,опоминаться,входить,ухмыляться,утыкаться,плакать,нести,пожимать,сбрасывать,отворачиваться,становиться,заваливаться,одевать,взволновать,бежать,сметать,брать,смущать,расставлять,сидеть,выслушивать,озираться,стоять,вырывать,говориться,подбегать,подавать,оканчивать,говорить,продолжать,нагинаться,взбивать,охорашиваться,прыскать,складывать,обниматься,молчать,садиться,поглядывать,удить,браться,кричать,прижимать,шаркать,отходить,переменять,хвататься,проглядывать,наступать,доходить,начинать,задыхаться,наклонять,прерываться,падать,мочь,кашлять,выбегать,слыхать,изъявлять,доставать,направляться,отрывать,курить,прерывать,закладывать,смеяться,показываться,оглянуться,потуплять,поглядеть,моргать,подумать,глядеться,раздаваться,прятать,будить,выступать,охать,докладывать,заикаться,навертываться,есть,улыбаться,вести,выталкивать,надевать,ходить,бледнеть,вбегать,рыться,жать,выносить,ловить,увидеть,подвигаться,глянуть,отказываться,ощупываться,откашливаться,подниматься,смотреть,оправляться,распечатывать,представлять,бить,оглядываться,ободрять,вскрикивать,посмеиваться,потупляться,взглядывать,отдыхать,класть,;239
Нахлебник;1848;1848;562;6641;оставаться,ронять,желать,стараться,выговаривать,выпрямляться,помолчать,спотыкаться,видеть,передергивать,сталкиваться,махать,прижиматься,перебивать,делать,возрастать,вздрагивать,оборачиваться,успевать,выглядывать,разгорячаться,продевать,передавать,приезжать,теряться,отнимать,усиливаться,слабеть,узнавать,пробираться,умолкать,приходить,обращаться,кивать,щурить,бормотать,трепать,краснеть,разгорячать,отталкивать,знать,растворяться,переставать,звенеть,дожидаться,останавливаться,робеть,вертеть,мигать,стоить,глядеть,выходить,держать,сказать,рассыпаться,вставать,возвращаться,воцаряться,восклицать,смешить,убегать,пить,играть,развертывать,заплакать,уверять,забиваться,петь,конфузиться,участвовать,заливаться,хотеть,подходить,протягивать,нюхать,красться,качать,наливать,целовать,звонить,пошептаться,прохаживаться,воспользоваться,посмотреть,шептать,хохотать,обнимать,давиться,вскакивать,отворачивать,миновать,подмигивать,ставить,прислушиваться,уходить,рыдать,опускаться,выскакивать,одушевляться,обрадоваться,идти,кланяться,отдавать,приближаться,закидывать,напевать,схватывать,замечать,снимать,входить,ухмыляться,плакать,нести,пожимать,становиться,отворачиваться,погасать,благодарить,взволновать,бежать,пьянеть,толкать,выпивать,находиться,запутываться,расставлять,сидеть,исчезать,вырывать,стоять,выдвигать,сходить,прислуживаться,подавать,говорить,продолжать,гладить,прятаться,прикасаться,сиять,шататься,складывать,ощупывать,пятиться,садиться,молчать,надвигаться,поглядывать,браться,покусывать,выказываться,кричать,напирать,прижимать,дергать,вытягиваться,отходить,покачиваться,хвататься,погружаться,переменять,начинать,задыхаться,изумлять,наклонять,прерываться,падать,мочь,кашлять,подступать,выбегать,останавливать,появляться,перерываться,дышать,накидывать,слезать,закладывать,смеяться,растрогать,показываться,потуплять,содрогаться,посматривать,отскакивать,подумать,подхватывать,раздаваться,вырываться,хлопотать,здравствовать,заикаться,навертываться,улыбаться,рисоваться,вести,выталкивать,сгибать,вбегать,подъезжать,ходить,надевать,бледнеть,перемигиваться,жать,глянуть,отказываться,откашливаться,подниматься,смотреть,оправляться,представлять,оглядываться,высовываться,рассматривать,быть,вертеться,верить,отступать,подталкивать,взглядывать,ехать,жаться,;223
Неосторожность;1843;1843;272;2517;прихлопывать,оставаться,видеть,вздыхать,дрожать,зажимать,всматриваться,угрожать,изменяться,перебивать,тянуться,делать,возрастать,вздрагивать,оборачиваться,выглядывать,приседать,отскакивать,приходить,кивать,подымать,опираться,отталкивать,бросаться,растворяться,дожидаться,останавливаться,глядеть,выходить,наклоняться,вставать,возвращаться,собираться,умолять,расти,хотеть,осматриваться,подходить,отвечать,давать,протягивать,задумываться,гореть,силиться,догонять,топнуть,отворяться,обнимать,вскакивать,обнажать,колебаться,предлагать,выхватывать,прислушиваться,уходить,удерживать,трещать,торить,идти,кланяться,приближаться,вламываться,дождаться,напевать,схватывать,опоминаться,входить,становиться,бежать,толкать,сидеть,стоять,передразнивать,подбегать,подавать,говорить,прятаться,умирать,взлезать,садиться,молчать,выказываться,кричать,прижимать,отходить,ломать,начинать,задыхаться,прерываться,падать,стучать,овладевать,прерывать,смеяться,показываться,потуплять,раздаваться,улыбаться,убивать,ходить,вспыхивать,крикнуть,смотреть,представлять,оглядываться,являться,скрываться,взглядывать,;108
Провинциалка;1850;1850;313;3347;оставаться,скроить,читать,видеть,выпрямляться,помолчать,вздыхать,стареть,перебивать,струхнуть,просыпаться,делать,расхаживать,вздрагивать,оборачиваться,проталкивать,выглядывать,расправлять,приседать,обращаться,кивать,отталкивать,искать,бросаться,растворяться,следить,переставать,услышать,пробовать,наморщивать,останавливаться,шить,стоить,перерывать,глядеть,выходить,отворять,вставать,встревожить,подождать,возвращаться,восклицать,убегать,обращать,упираться,играть,повертываться,встрепенуться,петь,хотеть,подходить,покачивать,давать,протягивать,целовать,поцеловать,вглядываться,прохаживаться,аккомпанировать,посмотреть,комкать,вскакивать,ставить,лежать,прислушиваться,уходить,удерживать,одушевляться,происходить,идти,кланяться,прислоняться,приближаться,напевать,схватывать,слушать,замечать,снимать,входить,поправлять,становиться,вылетать,отворачиваться,одевать,бежать,брать,сидеть,исчезать,передразнивать,подавать,говорить,продолжать,охорашиваться,садиться,браться,выказываться,кричать,дергать,отходить,переменять,оставлять,погружаться,вслушиваться,начинать,мочь,останавливать,направляться,смеяться,показываться,потуплять,посматривать,поглядеть,глядеться,раздаваться,вырываться,улыбаться,увидать,рисоваться,надевать,ходить,прикладывать,вспыхивать,глянуть,откашливаться,смотреть,представлять,оглядываться,рассматривать,одеваться,швырять,вертеться,скрываться,взглядывать,класть,;134
Разговор на большой дороге;1851;1851;105;1143;вынимать,закутывать,стараться,спотыкаться,помолчать,передергивать,вздыхать,сосать,перебивать,просыпаться,спать,пощелкивать,оборачиваться,загнать,умолкать,обращаться,подымать,сдерживать,раскрываться,глядеть,наклоняться,успокаиваться,воцаряться,собираться,развертывать,сечь,запинаться,петь,посвистывать,плевать,протягивать,нюхать,силиться,заснуть,брыкать,шептать,виться,погонять,отряхаться,сворачивать,приподниматься,въезжать,засорять,чмокать,дремать,кланяться,встряхивать,кряхтеть,приниматься,сбрасывать,щуриться,прислонять,поправлять,заваливаться,утихать,запевать,взволновать,тащиться,толкать,успокаивать,сидеть,говорить,продолжать,молчать,кричать,ворочаться,наклонять,кашлять,доставать,прерывать,потуплять,плестись,закутываться,кутаться,прятать,подхватывать,похрапывать,заставлять,вспыхивать,откашливаться,оправляться,стегать,бить,гнуться,потягиваться,взглядывать,;86
Вечер в Сорренте;1852;1852;144;1748;вставать,уходить,стучать,удерживать,падать,восклицать,выскакивать,двигаться,выбегать,обращать,играть,видеть,стараться,помолчать,идти,кланяться,доставать,вздыхать,схватывать,чесать,слушать,снимать,махать,входить,смеяться,конфузиться,потуплять,петь,хотеть,соединять,перебивать,подходить,поглядеть,протягивать,издавать,делать,раздаваться,спать,вздрагивать,обвертывать,улыбаться,качать,кончать,противиться,бывать,брать,сидеть,стучаться,надевать,ходить,целовать,звонить,шевелиться,обращаться,стоять,отворяться,звать,передразнивать,краснеть,трепать,подбегать,искать,говорить,бросаться,посмотреть,представлять,оглядываться,садиться,молчать,вскакивать,вертеть,выказываться,стоить,кричать,дергать,отходить,взглядывать,глядеть,ставить,выходить,наклоняться,оборачивать,;82
Завтрак у предводителя;1849;1849;89;568;вставать,уходить,читать,кашлять,пить,происходить,развертывать,помолчать,кланяться,входить,смеяться,подходить,хлопотать,целовать,обращаться,глянуть,продолжать,услышать,представлять,быть,садиться,молчать,кричать,приподниматься,креститься,выходить,;26
