play name	written	print	number of stages	len_stages_words	len_speeches_words	total_number_of_verbs	verbs set	number of unique verbs	stages_to_speeches_ratio	verb_diversity(uniqueverbs/totalverbs)	verbs_share_in_stages	av_stage_length
Сцены из рыцарских времен	1835	1837	38	283	6522	33	ранить,толкать,наезжать,разбегаться,лежать,стучаться,падать,хватать,садиться,нападать,входить,бить,уходить,ехать,беситься,почесываться,трогаться,вставать,выходить,расходиться,пить,скрываться,петь,сымать,медлить,замахиваться,смеяться,бросаться,	28	0.04339159766942655	0.8484848484848485	0.1166077738515901	7.447368421052632
Холостяк	1849	1849	687	7462	38588	743	отворять,сталкиваться,закладывать,подавать,удить,выслушивать,передергивать,уронить,наступать,рассуждать,прерывать,вздрагивать,обнимать,слышать,оставаться,подсаживаться,качать,прерываться,вести,доходить,доставать,лопнуть,садиться,увидеть,кивать,оправляться,держать,ухмыляться,глядеться,оскорблять,ставить,обниматься,взволновать,заваливаться,желать,подходить,есть,взбивать,всхлипывать,слушать,взглядывать,вбегать,пучиться,представлять,делать,давиться,отдыхать,складывать,улыбаться,выступать,ловить,робеть,схватывать,скрестить,оканчивать,подумать,теряться,направляться,плакать,застегиваться,бросаться,бежать,изъявлять,закидывать,кликать,сидеть,пучить,молчать,отвертываться,выпрямляться,утыкаться,перебивать,мочь,завертывать,знать,обращаться,шаркать,выносить,вздыхать,воцаряться,уставлять,поглядеть,замирать,смотреть,брать,бить,пододвигаться,останавливаться,поддерживать,упираться,идти,вкладывать,ходить,продолжать,глядеть,убегать,вставать,откашливаться,сконфузить,вырывать,подниматься,плевать,прислушиваться,кричать,отталкивать,отдавать,надевать,одевать,закуривать,потупляться,навертываться,шептать,хныкать,вскрикивать,озираться,отнимать,сказать,замечать,раздаваться,отказываться,прицеплять,рыдать,конфузиться,усмехаться,лежать,помиловать,трепать,коробить,набивать,задыхаться,вскакивать,расставлять,отрывать,прятать,глянуть,класть,собираться,впадать,оборачиваться,заснуть,прижимать,распечатывать,целовать,уходить,ободрять,жать,докладывать,охать,наливать,развертывать,опоминаться,бледнеть,становиться,стоять,заплакать,приседать,выталкивать,выговаривать,жмуриться,начинать,махать,выходить,говориться,узнавать,наклонять,протягивать,подвигаться,переглядываться,пить,будить,возвращаться,посвистывать,пожимать,спохватываться,вынимать,ждать,моргать,курить,посмеиваться,опускаться,смеяться,прыскать,хотеть,устремляться,отвечать,нести,понукать,поглядывать,слыхать,растериваться,подбегать,вертеть,нагинаться,приговаривать,следовать,потуплять,раскланиваться,охорашиваться,снимать,падать,отходить,приподниматься,рыться,понюхать,сбрасывать,входить,смущать,сметать,хвататься,выбегать,краснеть,заикаться,говорить,переменять,умолкать,сморкаться,издавать,искать,показываться,помолчать,сметь,отворачиваться,кончать,кланяться,прыгать,ощупываться,оглядываться,вглядываться,опечаливать,проглядывать,приближаться,оглянуться,кашлять,приходить,читать,раскуривать,разевать,мычать,браться,	239	0.19337617912304345	0.32166890982503366	0.0995711605467703	10.861717612809317
Женитьба	1835	1842	254	2514	23518	235	отворять,отскакивать,подавать,толкать,валиться,слышать,садиться,увидеть,осматриваться,шарить,ошеломлять,подходить,взглядывать,вбегать,размахивать,делать,улыбаться,складывать,схватывать,раскладывать,подумать,рассматривать,плакать,взъерошивать,бежать,закрываться,обсматривать,хмурить,молчать,одеваться,обращаться,смотреть,давать,благословлять,подымать,размеривать,ходить,продолжать,глядеть,убегать,пожаловать,вставать,прибивать,видеть,метаться,испугаться,кричать,надевать,скатывать,мешать,кряхтеть,гладить,вскрикивать,сказать,раздаваться,рыдать,усмехаться,целоваться,лежать,хохотать,заглядывать,барабанить,отъезжать,усаживаться,подкрадываться,бегать,класть,собираться,оборачиваться,целовать,уходить,звенеть,подбочениваться,охать,становиться,стоять,повертываться,нарезывать,дослышать,начинать,страшиться,выталкиваться,всплескивать,запинаться,пугать,ронять,вынимать,притопывать,хотеть,отвечать,разодевать,поглядывать,высовывать,потуплять,раскланиваться,входить,быть,считать,говорить,стараться,переменять,подступать,соединять,помолчать,отворачиваться,кланяться,пятиться,оглядываться,вглядываться,щупать,читать,разевать,браться,	113	0.10689684496981036	0.4808510638297872	0.09347653142402546	9.89763779527559
Сонный порошок или похищенная крестьянка	1798	1905	88	914	14048	69	отворять,казаться,толкать,сидеть,затворять,стучаться,спать,помогать,удивляться,вздыхать,снимать,отходить,садиться,класть,входить,брать,посматривать,давать,уходить,подражать,идти,зевать,жать,наливать,говорить,стоять,вставать,воздыхать,готовить,идучивать,смеркаться,просить,начинать,видеть,выходить,сделать,пить,представлять,кричать,делать,осматривать,вынимать,тянуть,прибавляться,одевать,хотеть,бежать,	47	0.0650626423690205	0.6811594202898551	0.07549234135667396	10.386363636363637
Незнакомка	1906	1907	80	2793	5432	232	закручиваться,удаляться,казаться,припоминать,хранить,заминать,прерывать,оставаться,проскальзывать,заслонять,ерзать,звездиться,садиться,грустить,запорашивать,присоединяться,застегнуть,послушаться,обниматься,шарить,дремать,замолкать,появляться,обращать,подходить,обрамлять,жевать,вбегать,делать,ловить,притихать,складывать,улыбаться,рассматривать,кружиться,вырываться,медлить,плакать,бросаться,бежать,умолять,сидеть,молчать,восходить,мочь,похрустывать,порхать,грозить,обращаться,доплывать,толпиться,шататься,смотреть,отгонять,осыпать,давать,останавливаться,торчать,просыпаться,идти,полагать,скатываться,впархивать,доноситься,расступаться,светиться,продолжать,убегать,вставать,произноситься,сконфузить,блестеть,хлебать,пропадать,шипеть,подниматься,опираться,кричать,одевать,обрываться,замечать,наклоняться,хохотать,заглядывать,застывать,потемнеть,проглатывать,уплотняться,подзывать,щелкать,оборачиваться,встречать,нырнуть,исчезать,простереть,срываться,построить,переставать,становиться,стоять,освещать,долженствовать,булькать,начинать,мычать,выходить,узнавать,вытаскивать,запинаться,пить,волочь,писать,возвращаться,колебаться,ждать,вынимать,смеяться,отвечать,гореть,подбегать,полагаться,хихикать,удивлять,падать,отходить,плыть,опушать,раскрываться,исчерпываться,входить,быть,разносить,выскакивать,открываться,продолжаться,краснеть,говорить,стараться,сморкаться,хмелеть,всматриваться,подержать,тянуться,описывать,подрагивать,выпаливать,вспомнить,читать,шептаться,дымиться,протягиваться,	151	0.5141752577319587	0.6508620689655172	0.08306480486931615	34.9125
Лакейская	1840	1842	35	543	2787	47	отворять,сидеть,утыкать,отворяться,оставаться,пробуждаться,спать,тыкать,снимать,насупливаться,хватать,садиться,подыматься,смотреть,увидеть,входить,уходить,звенеть,идти,подымать,накидывать,становиться,убегать,стоять,чистить,выходить,махнуть,протягивать,представлять,схватывать,смеяться,вскрикивать,вырываться,бежать,	34	0.19483315392895587	0.723404255319149	0.0865561694290976	15.514285714285714
Дни Турбиных	1926	1955	372	3560	29066	307	отворять,сталкиваться,вешать,маршировать,выламывать,отворяться,окровавливать,оставаться,помогать,шуметь,выпивать,лопнуть,садиться,кидаться,держать,ломать,смолкать,оживать,появляться,желать,подходить,зарыдать,ударять,подавлять,рвать,оскаливаться,взглядывать,напевать,петь,зажимать,вбегать,делать,плакать,ложиться,бросаться,бежать,котиться,пищать,попадать,отползать,молчать,разбегаться,склоняться,воротиться,выносить,замирать,смотреть,прятаться,гаснуть,брать,бить,давать,останавливаться,идти,гудеть,передавать,убегать,вставать,топить,видеть,вспыхивать,разбивать,красться,скрываться,отталкивать,прислушиваться,кричать,закуривать,вызывать,надевать,отнимать,греметь,прибегать,седеть,целоваться,передразнивать,усаживаться,подлетать,стрелять,дрогнуть,прятать,трогать,целовать,исчезать,пилить,уходить,аплодировать,свистеть,запевать,переодевать,заплакать,освещать,бинтовать,начинать,выходить,протягивать,пить,усаживать,возвращаться,писать,срывать,ронять,вынимать,играть,курить,укладывать,отодвигать,увянуть,гореть,начинаться,снимать,падать,отходить,плыть,звонить,входить,пролетать,подхватывать,выбегать,открываться,наигрывать,говорить,утихать,кланяться,обривать,тушить,пробиваться,волноваться,удерживать,пробегать,креститься,выглядывать,приближаться,приходить,замахиваться,разуваться,читать,браться,	138	0.12247987339159155	0.4495114006514658	0.08623595505617977	9.56989247311828
Пир во время чумы	1830	1832	9	80	2352	12	пить,петь,продолжаться,вставать,оставаться,входить,приходить,уходить,управлять,наполнять,ехать,	11	0.034013605442176874	0.9166666666666666	0.15	8.88888888888889
Смерть Тарелкина	not specified in tei	1869	675	5633	23318	545	передражнивать,отворять,припоминать,крепиться,подавать,толкать,оробеть,валиться,увлекаться,нежничать,кокать,вздрагивать,прерывать,обнимать,запыхаться,стучаться,затыкать,заслонять,голосить,качать,покачиваться,доставать,выпивать,уцепляться,садиться,подождать,оправляться,сторониться,держать,осматриваться,стукать,ставить,шатать,подпираться,ухватываться,проходиться,проталкивать,ласкаться,освобождаться,замолкать,рисоваться,хромать,терять,останавливать,подходить,есть,вскидываться,ударять,подталкивать,жевать,слушать,коситься,простаивать,вбегать,окидывать,разваливаться,делать,складывать,получать,подстегивать,робеть,схватывать,опоражнивать,подумать,вырываться,рассматривать,крутить,резать,плакать,тронуть,застегиваться,бросаться,бежать,отбегать,сидеть,перебивать,прошедшаться,грозить,вытягиваться,обращаться,подмигивать,вздыхать,стучать,хватать,поглядеть,отламывать,смотреть,прятаться,подмаргивать,брать,бить,давать,останавливаться,упираться,идти,заниматься,подымать,обертываться,накидывать,ходить,постоять,продолжать,отсчитывать,передавать,посмотреть,поймать,вставать,оперировать,убегать,колотить,поправлять,отбиваться,метаться,махнуть,шипеть,увертываться,схватываться,стихать,опираться,плевать,кричать,прислушиваться,переходить,подставлять,отдавать,надевать,тосковать,озираться,скреплять,прикручивать,захлопывать,вопить,помахивать,болтать,горбиться,хохотать,смешаться,вскакивать,расставлять,сбивать,хлопнуть,передразнивать,содрогаться,коробиться,импровизировать,класть,распечатывать,встряхивать,уходить,рваться,браться,жать,докладывать,наливать,переодевать,присматриваться,становиться,стоять,повертываться,взять,махать,начинать,выходить,тащить,протягивать,вытаскивать,вламываться,пить,подвигаться,усаживать,возвращаться,осматривать,припадать,опускаться,вынимать,насыкиваться,укладывать,становить,смеяться,разнимать,тереть,хотеть,нести,думать,высовывать,подбегать,возвращать,помяться,покачать,раскланиваться,тыкать,вставлять,озабочивать,снимать,запивать,отходить,наталкивать,падать,приподниматься,подписывать,притряхивать,припрятываться,пробираться,рыться,жаться,входить,встряхиваться,быть,подхватывать,выбегать,приуныть,говорить,стараться,подступать,затягивать,хлопать,искать,прибодриться,помолчать,кланяться,оживляться,горячиться,нюхать,заткнуть,удерживать,фыркать,возрастать,замахиваться,катиться,читать,причитать,сажать,любоваться,	233	0.24157303370786518	0.42752293577981654	0.09675128705840583	8.345185185185185
Дитя Аллаха	1916	1917	66	477	7054	63	удаляться,сидеть,сбегать,молиться,выезжать,склоняться,умирать,подлетать,падать,танцевать,оборачиваться,входить,пролетать,бить,останавливаться,уходить,идти,отступать,передавать,убегать,появляться,убивать,биться,скрываться,петь,пробегать,читать,	27	0.06762120782534732	0.42857142857142855	0.1320754716981132	7.2272727272727275
Борис Годунов	1825	1831	172	1320	20394	137	сходить,удаляться,подавать,свистать,пустеть,рыдать,отворяться,молчать,строиться,лежать,пробуждаться,окружать,начинаться,скакать,спать,обвесить,встречаться,выносить,вести,отходить,хватать,разуздывать,садиться,щелкать,класть,смотреть,целовать,входить,задумываться,быть,давать,бить,уходить,являться,идти,безмолвствовать,ехать,расступаться,издыхать,продолжать,нестись,глядеть,стоять,затягивать,вставать,убегать,останавливать,освещать,подходить,кланяться,всматриваться,шептаться,выходить,поникать,вырывать,расходиться,пить,петь,расседлывать,писать,переходить,трубить,осматривать,выступать,приближаться,вынимать,играть,чертить,смеяться,читать,плакать,ложиться,бросаться,бежать,	74	0.06472491909385113	0.5401459854014599	0.10378787878787879	7.674418604651163
Блонды	1853	1854	87	1089	2616	91	замечать,обводить,раздаваться,подавать,передергивать,сдерживать,молчать,целоваться,прерывать,лежать,грозить,прикалывать,обращаться,суетиться,снимать,написать,подкрадываться,выпивать,падать,садиться,класть,смотреть,прятаться,оборачиваться,целовать,входить,быть,останавливаться,держать,смотреться,разрывать,подымать,жать,поцеловать,взволновать,прикладывать,продолжать,переменять,стоять,убегать,вставать,останавливать,подходить,всматриваться,начинать,взбивать,выходить,обижаться,распахиваться,вслушиваться,удерживать,вбегать,отталкивать,выглядывать,ронять,складывать,подкатываться,улыбаться,потупляться,одевать,мешать,очнуться,вынимать,рассматривать,прыскать,читать,хотеть,бросаться,сажать,	69	0.41628440366972475	0.7582417582417582	0.08356290174471992	12.517241379310345
Не любо – не слушай, а лгать не мешай	not specified in tei	1818	84	498	13752	38	подавать,знать,встречаться,отходить,садиться,увидеть,встречать,входить,давать,уходить,поцеловать,разглядывать,упадать,глядеть,взять,видеть,гадать,вбегать,любить,солгать,вынимать,смеяться,читать,хотеть,подвигать,бросаться,бежать,	27	0.036212914485165795	0.7105263157894737	0.07630522088353414	5.928571428571429
Король на площади	1906	1907	133	3541	7279	297	удаляться,казаться,прикасаться,упасть,заливаться,сгущаться,прерывать,оставаться,вздрагивать,обнимать,слышать,бороться,рассеиваться,качать,проникать,двинуться,прерываться,бормотать,садиться,захлебываться,вырастать,держать,присоединяться,ломать,гнать,смолкать,зажигаться,появляться,гулять,подходить,обращать,выныривать,затихать,всхлипывать,рвать,отдалять,взглядывать,петь,зажимать,представлять,выступать,проноситься,прибывать,направляться,следить,плакать,бежать,сливаться,баюкать,закидывать,сидеть,сдерживать,восходить,молчать,выпрямляться,склоняться,смешиваться,дрожать,вечереть,клубиться,расшатываться,спать,обращаться,лететь,встречаться,высовываться,стучать,прислоняться,замирать,смотреть,давать,бить,останавливаться,находиться,просыпаться,идти,отступать,заволакиваться,взвиваться,доноситься,гудеть,светиться,убегать,укачивать,носиться,блестеть,прорываться,вылезать,метаться,вспыхивать,пропадать,разглядеть,возвышаться,спускаться,подниматься,опираться,разъярять,продавать,кричать,шелестеть,отталкивать,оставлять,подплывать,нарушаться,подуть,завертываться,сходить,усиливаться,раздаваться,вопить,качаться,лежать,охватывать,потряхивать,господствовать,собираться,рыскать,исчезать,внимать,разрывать,уходить,звенеть,переставать,свистеть,бледнеть,становиться,стоять,раскатываться,мелькать,начинать,выходить,вступать,подвигаться,избороздить,разгораться,срывать,роптать,ждать,опускаться,вынимать,играть,слышаться,покатываться,гореть,сбегать,приветствовать,распространять,начинаться,умирать,возобновляться,падать,вмешиваться,пробираться,светать,рушиться,хвататься,подхватывать,выскакивать,продолжаться,потускнеть,рассыпаться,говорить,стараться,нестись,искать,хлынуть,кланяться,убивать,пятиться,прыгать,распахивать,прильнуть,брести,расходиться,вглядываться,расти,креститься,трубить,возрастать,пресыщать,приближаться,струиться,всходить,огибать,шмыгать,	185	0.48646792141777717	0.622895622895623	0.08387461169161253	26.62406015037594
Дон-Жуан в Египте	1911	1911	42	286	2579	25	бормотать,отходить,продолжать,настаивать,становиться,представлять,повертываться,глядеть,хотеть,входить,обнимать,подходить,поправлять,рассматривать,схватывать,уходить,хвататься,выходить,оглядываться,коситься,	20	0.11089569600620396	0.8	0.08741258741258741	6.809523809523809
Черепослов, сиречь Френолог	1856	1860	161	3088	2974	264	сталкиваться,подавать,вздрагивать,оставаться,прерывать,запыхаться,качать,заслонять,передвигаться,висеть,садиться,устанавливаться,задумываться,держать,ставить,дремать,останавливать,подходить,ударять,всхлипывать,сделать,слушать,петь,представлять,делать,исчерчивать,жеманиться,робеть,оканчивать,рассердить,рассматривать,плакать,следить,бросаться,сидеть,перелистывать,отмахиваться,брить,перебивать,удерживаться,обращаться,вздыхать,грозиться,смотреть,бить,останавливаться,переменяться,находиться,идти,заниматься,подымать,отступать,благословлять,ходить,прикладывать,задремать,передавать,примачивать,продолжать,посмотреть,вставать,испугаться,вырывать,опираться,отталкивать,кричать,прислушиваться,стареть,надевать,знакомиться,приподымать,раздаваться,происходить,захлопывать,ободряться,драть,рыдать,сморщиваться,вскакивать,вязать,расставлять,усаживаться,оборачиваться,целовать,встряхивать,уходить,построить,становиться,стоять,приседать,съеживаться,начинать,выходить,наклонять,придвигать,преследовать,писать,опускаться,прижиматься,хотеть,отвечать,приставать,ощупывать,подбегать,фальшивить,твердить,накинуть,падать,написать,снимать,сбрасывать,нарушать,раздражать,входить,воспользоваться,подхватывать,подсмеиваться,выбегать,говорить,стараться,поскальзываться,помолчать,отворачиваться,кланяться,обривать,всматриваться,кокетничать,пробиваться,удерживать,фыркать,пробегать,приниматься,повторяться,приближаться,отдыхиваться,пугаться,перебегать,обертываться,	138	1.0383322125084062	0.5227272727272727	0.08549222797927461	19.180124223602483
Ревизор	1835	1836	433	4927	36531	442	отворять,сталкиваться,подавать,подслушивать,ковырять,подшаркивать,толкать,плюнуть,отворяться,заливаться,увеличиваться,окаменевать,оставаться,запыхаться,бормотать,свешиваться,садиться,трясти,приступать,притискивать,увидеть,кивать,посматривать,задумываться,оправляться,выпрямливаться,шарить,растопыривать,рисоваться,чихать,обращать,подходить,вертеться,есть,толкаться,защищать,сделать,окидывать,размахивать,вбегать,делать,представлять,зажмуривать,робеть,схватывать,подумать,рассматривать,резать,бросаться,бежать,сливаться,лезть,молчать,относиться,перебивать,дрожать,строить,раздувать,вытягиваться,грозить,обращаться,лететь,вздыхать,высовываться,стучать,отдвигаться,излетать,толпиться,прислоняться,смотреть,прятаться,подыматься,брать,давать,бить,останавливаться,находиться,упираться,подымать,ходить,закинуть,продолжать,глядеть,вставать,забегать,трястись,потеряться,дразнить,махнуть,испугаться,схватываться,подниматься,плевать,прислушиваться,кричать,подпрыгивать,отдавать,надевать,закуривать,оставлять,придвигаться,вскрикивать,храбриться,обрываться,сказать,раздаваться,происходить,захлопывать,усмехаться,выпучивать,целоваться,лежать,поддерживаться,пробовать,выронить,шлепаться,расставлять,посвистать,усаживаться,переворачивать,прятать,щелкать,оборачиваться,осипнуть,целовать,распечатывать,силиться,уходить,звенеть,наливать,развертывать,надписывать,бледнеть,свертывать,стоять,приседать,выговаривать,съеживаться,махать,начинать,выходить,протягивать,выталкиваться,придвигать,наклонять,остановиться,писать,возвращаться,ронять,нажаловаться,разевать,опускаться,вынимать,бодриться,печатать,выхватываться,хотеть,устремляться,нести,приставать,высовывать,подбегать,вертеть,следовать,раскланиваться,снимать,написать,отходить,выставляться,выпираться,приподниматься,падать,превращаться,придерживать,входить,спешить,быть,хвататься,отдвигать,сохранять,прихлопывать,заикаться,говорить,стараться,проталкиваться,переменять,поскальзываться,издавать,сметь,помолчать,показываться,кланяться,всматриваться,горячиться,нюхать,прищуривать,удерживать,пробегать,выглядывать,выставлять,читать,раскуривать,помирать,	203	0.13487175275793162	0.4592760180995475	0.08970976253298153	11.378752886836027
Гондла	1916	1917	62	592	10651	37	сидеть,наклоняться,пробовать,обнимать,склоняться,садиться,прятаться,целовать,входить,втыкать,ставить,отступать,продолжаться,передавать,втаскивать,убегать,показываться,освещать,выходить,слушать,протягивать,петь,кричать,закалываться,опускаться,надевать,очнуться,играть,смеяться,	29	0.055581635527180547	0.7837837837837838	0.0625	9.548387096774194
Леший	1889	1890	498	4103	30388	353	подавать,подслушивать,расшаркиваться,вздрагивать,обнимать,скоблить,помогать,вести,садиться,арендовать,увидеть,кивать,ломать,взволновать,застреливаться,дремать,подходить,есть,слушать,рвать,напевать,петь,стонать,резать,плакать,бросаться,бежать,точить,сидеть,перебивать,одеваться,вздыхать,суетиться,стучать,смотреть,прятаться,давать,идти,вернуться,ходить,убегать,глядеть,вставать,благодарить,пошатываться,вспыхивать,вырывать,скрываться,подниматься,подсвистывать,кричать,жестикулировать,прислушиваться,кутать,надевать,шептать,вскрикивать,отнимать,целоваться,хохотать,окутывать,накладывать,щелкать,класть,целовать,уходить,наливать,взять,здороваться,застегивать,выходить,узнавать,протягивать,увидать,всплескивать,пить,возвращаться,ронять,хлопотать,припадать,осматривать,играть,укладывать,смеяться,хотеть,нести,падать,отходить,рыться,звонить,входить,спешить,подражать,зевать,умолкать,хлопать,показываться,отворачиваться,кланяться,тушить,оглядываться,волноваться,растрогать,фиксировать,преклоняться,очнуться,велеть,сервировать,читать,любоваться,	110	0.13502040279057523	0.311614730878187	0.08603460882281258	8.238955823293173
Хорев	1747	1747	33	262	16331	5	отходить,отъять,говорить,метать,выходить,	5	0.016043108199130487	1.0	0.019083969465648856	7.9393939393939394
Егор Булычов и другие	1931	1932	199	2501	19346	268	врываться,подавать,упасть,сдвигать,оставаться,обнимать,слышать,притоптывать,щелкнуть,качать,откидываться,бормотать,вести,садиться,танцевать,возиться,осматриваться,встрепывать,подходить,повертеть,нахмуриться,наклонить,слушать,держаться,напевать,зажимать,вбегать,петь,улыбаться,подумать,рассматривать,кружиться,плакать,ложиться,бежать,спрятаться,сидеть,отмахиваться,взвизгивать,молчать,шевелиться,поклониться,затворять,шаркать,вздыхать,стучать,смотреть,брать,бить,останавливаться,поддерживать,идти,гудеть,мыть,убегать,вставать,откашливаться,позевнуть,глядеть,пропотевать,отрываться,топать,махнуть,хмуриться,вырывать,выругаться,спускаться,кричать,оставлять,закуривать,шептать,гладить,спорить,чертить,сходить,замечать,рычать,прибегать,торопиться,усмехаться,обходить,заглядывать,ворчать,вскакивать,подкрадываться,перехватывать,ошалевать,зевнуть,пропотеть,прижимать,встречать,целовать,исчезать,уходить,переставать,стоять,взять,махать,выходить,тащить,вытаскивать,пить,возвращаться,писать,шепнуть,припадать,укладывать,посмеиваться,смеяться,притопывать,хотеть,покачнуться,дуть,гореть,подбегать,изумлять,придерживаться,кривить,удивлять,падать,отходить,зацепляться,придерживать,входить,быть,подражать,говорить,пятиться,оглядываться,трубить,плясать,щупать,кашлять,замахиваться,шептаться,	135	0.1292773699989662	0.503731343283582	0.10715713714514194	12.5678391959799
Вечер в Сорренте	1852	1888	144	1761	6595	175	раздаваться,сидеть,подбегать,вертеть,отворяться,конфузиться,молчать,вздрагивать,наклоняться,потуплять,шевелиться,перебивать,стоить,стучаться,вскакивать,трепать,чесать,спать,обращаться,качать,передразнивать,оборачивать,вздыхать,снимать,стучать,отходить,доставать,поглядеть,падать,садиться,звонить,целовать,входить,брать,уходить,идти,ставить,выскакивать,выбегать,краснеть,восклицать,ходить,говорить,выказываться,посмотреть,дергать,глядеть,издавать,вставать,искать,стоять,помолчать,противиться,соединять,звать,обращать,подходить,кланяться,махать,видеть,обвертывать,кончать,выходить,стараться,оглядываться,протягивать,слушать,взглядывать,бывать,петь,удерживать,представлять,делать,кричать,улыбаться,надевать,играть,схватывать,смеяться,хотеть,бросаться,двигаться,	82	0.2670204700530705	0.4685714285714286	0.09937535491198182	12.229166666666666
Каменный гость	1830	1839	40	261	6756	33	биться,стучать,падать,петь,вбегать,проваливаться,делать,вставать,осматривать,останавливать,кивать,целовать,входить,кидаться,уходить,выходить,идти,слушать,	18	0.038632326820603906	0.5454545454545454	0.12643678160919541	6.525
Юбилей	1891	1892	144	1173	6361	117	подавать,служить,плакать,отмахиваться,взвизгивать,дышать,целоваться,вздрагивать,хохотать,запыхаться,вскакивать,обращаться,вздыхать,вести,стучать,доставать,падать,прятать,садиться,щелкать,смотреть,топотать,засучивать,целовать,входить,обмахиваться,уходить,идти,посмотреть,продолжать,стоять,вставать,благодарить,подходить,махать,обижаться,оглядываться,протягивать,волноваться,взглядывать,петь,писать,кричать,возвращаться,стонать,пожимать,гнаться,играть,кашлять,смеяться,читать,вспылить,тронуть,бежать,	54	0.18440496777236284	0.46153846153846156	0.09974424552429667	8.145833333333334
Пустодомы	not specified in tei	1820	305	2728	25359	180	отворять,врываться,подавать,толкать,обнимать,мудрить,сламывать,поставлять,примеривать,балансировать,доставать,садиться,увидеть,задумываться,обниматься,упадать,терять,подходить,просить,выманивать,сделать,винить,взглядывать,вбегать,делать,плакать,бежать,одолевать,прощаться,сердиться,сидеть,проживать,мочь,одеваться,знать,выносить,поглядеть,смотреть,схватить,брать,давать,останавливаться,идти,полагать,расслабнуть,вставать,закружиться,топать,махнуть,уметь,отталкивать,надевать,оставлять,шептать,сказать,уговаривать,лежать,транжирить,вскакивать,проматывать,класть,целовать,дурачьтести,уходить,становиться,взять,выходить,подвигаться,прийти,возвращаться,писать,ждать,хотеть,подвигать,устаревать,божиться,подписывать,падать,отходить,наживать,услуживать,входить,быть,дослушивать,говорить,переменять,расстраиваться,кончать,убивать,повадиться,родиться,встрестись,пугаться,читать,сажать,любоваться,	96	0.10757521984305375	0.5333333333333333	0.06598240469208211	8.944262295081968
Подщипа или Трумф	1800	1859	99	642	9184	60	отскакивать,ощупывать,происходить,подавать,толкать,храпеть,обнимать,привставать,садиться,опамятоваться,смотреть,брать,давать,уходить,зевать,вкладывать,упадать,дремать,вставать,подходить,кланяться,начинать,видеть,прыгать,тащить,красться,вырывать,петь,вбегать,отдавать,опускаться,вынимать,щупать,схватывать,плакать,	35	0.06990418118466898	0.5833333333333334	0.09345794392523364	6.484848484848484
Свадьба Кречинского	1854	1856	709	6781	32575	662	отворять,врываться,вешать,плюнуть,толкать,оробеть,подавать,заливаться,наступать,вздрагивать,бороться,запыхаться,вздергивать,качать,выпивать,свертываться,пародировать,рассердиться,садиться,приступать,увидеть,кивать,задумываться,посматривать,прихлебывать,кидаться,оправляться,вытягивать,осматриваться,держать,нагибаться,ставить,поцеловать,устраивать,ласкаться,оживать,терять,изменяться,обращать,подходить,душить,манить,ударять,отряхивать,всхлипывать,расстраивать,рвать,взглядывать,напевать,вбегать,запечатывать,ворочаться,делать,притихать,кидать,складывать,улыбаться,сочинять,схватывать,подумать,рассматривать,обомлевать,вырываться,резать,плакать,ерошить,следить,бросаться,бежать,наставлять,обводить,спрятаться,сердиться,взвизгивать,лезть,марать,молчать,присмиреть,дышать,забываться,перебивать,расставить,одеваться,затворять,грозить,завертывать,дрожать,удерживаться,шаркать,выносить,вздыхать,поглядеть,замирать,подбираться,смотреть,подыматься,попадаться,отламывать,подмаргивать,прятаться,брать,походить,бить,останавливаться,идти,шевелить,проползать,подымать,отступать,накидывать,ходить,посмотреть,продолжать,передавать,прикладывать,вставать,потеряться,колотить,опомниться,поправлять,топать,метаться,вспыхивать,махнуть,схватываться,подниматься,стихать,подпрыгивать,кричать,отталкивать,переходить,подставлять,отдавать,надевать,одевать,оставлять,спохватиться,вскрикивать,повертывать,попячиваться,замечать,ухватывать,ломить,очутиться,рыдать,торопиться,усмехаться,конфузиться,отделяться,хохотать,накладывать,вскакивать,расставлять,подкрадываться,водить,бегать,класть,собираться,оборачиваться,целовать,исчезать,уходить,являться,жать,потискивать,зажмуриваться,вкопать,надписывать,оторопеть,становиться,стоять,повертываться,обмахивать,освещать,перегибаться,махать,начинать,ласкать,выходить,вслушиваться,тащить,протягивать,пить,остановиться,писать,хлопотать,осматривать,опускаться,вынимать,смеяться,припрыгивать,тереть,хотеть,прижиматься,нести,думать,повеселеть,подбегать,вертеть,скидать,окружать,потуплять,сконфузиться,покачать,раскланиваться,тыкать,фыркнуть,снимать,падать,отходить,приподниматься,пробираться,рыться,пощелкивать,звонить,входить,встряхиваться,соваться,смутиться,считать,продолжаться,говорить,стараться,умолкать,подступать,искать,показываться,помолчать,кончать,кланяться,пятиться,горячиться,любезничать,оглядываться,удерживать,пыхтеть,пробегать,щупать,порываться,читать,шептаться,	241	0.20816577129700692	0.3640483383685801	0.0976257189205132	9.564174894217206
Тамира и Селим	not specified in tei	1750	53	340	20287	20	становиться,закалываться,вынимать,нарсить,схватывать,разнимать,селить,сражаться,хотеть,ослабевать,вырывать,	11	0.016759501158377287	0.55	0.058823529411764705	6.415094339622642
Чайка	1895	1896	474	4328	24376	447	отворять,подавать,подбочениться,вздрагивать,храпеть,обнимать,оставаться,паузить,качать,помогать,шуметь,вести,доставать,садиться,швырять,увидеть,кивать,осматриваться,ставить,поцеловать,проходиться,обращать,подходить,напиваться,потягиваться,рвать,держаться,напевать,петь,окидывать,делать,прохаживаться,улыбаться,получать,подумать,направляться,плакать,бежать,сидеть,перелистывать,сдерживать,молчать,отражаться,дрожать,предполагаться,одеваться,склоняться,встречаться,вздыхать,стучать,хватать,поглядеть,смотреть,брать,давать,останавливаться,поддерживать,идти,зайти,посмотреть,продолжать,глядеть,убегать,вставать,облокачиваться,пошатываться,поправлять,видеть,дразнить,подниматься,опираться,прислушиваться,кричать,закуривать,услышать,мешать,надевать,раздумывать,сказать,рыдать,окликать,целоваться,обрывать,хохотать,накладывать,озябнуть,отрывать,прятать,класть,собираться,целовать,топнуть,катить,сверкать,уходить,жать,наливать,выть,становиться,стоять,взять,треплеть,махать,ласкать,выходить,протягивать,чокаться,пить,бывать,усаживать,будить,возвращаться,срывать,хлопотать,писать,пожимать,опускаться,играть,смеяться,слышаться,тереть,хотеть,гореть,сконфузиться,раскланиваться,зачеркивать,снимать,написать,отходить,входить,открываться,говорить,стараться,завтракать,искать,показываться,помолчать,сдавать,кивнуть,сколачивать,кланяться,убивать,нюхать,тушить,распахивать,оглядываться,волноваться,растрогать,пробегать,расчесывать,выглядывать,опечаливать,оглянуться,записывать,читать,вспылить,	156	0.17755169018706926	0.348993288590604	0.10328096118299446	9.130801687763713
На дне	1902	1903	525	6345	28195	596	отворять,стряхивать,удаляться,сталкиваться,толкать,раздеваться,выскочить,отворяться,скрипеть,вздрагивать,прерывать,обнимать,закапчивать,исковеркивать,рождаться,качать,помогать,очерчивать,примеривать,бормотать,вести,висеть,выпивать,садиться,кивать,распарывать,задумываться,чинить,размахиваться,возиться,осматриваться,свистнуть,появляться,желать,помещаться,подходить,ударять,жевать,слушать,держаться,напевать,зажимать,петь,наблюдать,размахивать,делать,стонать,улыбаться,теряться,работать,направляться,следить,ложиться,плакать,бросаться,бежать,сидеть,взвизгивать,молиться,молчать,отвертываться,дрожать,затворять,звучать,грозить,вытягиваться,слезать,стаивать,встречаться,выносить,вздыхать,стучать,суетиться,высовываться,хватать,толпиться,шататься,смотреть,звякать,прятаться,гаснуть,жить,брать,бить,давать,останавливаться,поддерживать,просыпаться,идти,отступать,накидывать,доноситься,выхватывать,закинуть,продолжать,постоять,глядеть,убегать,вставать,стягивать,сконфузить,вспрыгивать,топать,видеть,метаться,хозяйничать,грызть,красться,засорять,разбивать,обрубать,подниматься,скрываться,стихать,плевать,прислушиваться,кричать,отталкивать,отдавать,надевать,торжествовать,шептать,озлоблять,гладить,спорить,повертывать,отнимать,обвалиться,склонять,сказать,раздаваться,рычать,облокотиться,усмехаться,помахивать,конфузиться,влезать,лежать,хохотать,заглядывать,наклоняться,обходить,ворчать,задыхаться,вскакивать,трепать,пробовать,передразнивать,расталкивать,растрепывать,трогать,класть,собираться,оборачиваться,прижимать,встречать,исчезать,встряхивать,уходить,являться,заливать,переставать,дребезжать,свистеть,запевать,выть,зарастать,наливать,становиться,стоять,освещать,приготовляться,махать,кроить,съеживаться,начинать,выходить,сомневаться,отодвигаться,вслушиваться,сломать,протягивать,увидать,наклонять,подвигаться,заходить,визжать,усаживать,пить,возвращаться,осматривать,играть,посмеиваться,смеяться,прижиматься,хотеть,отвечать,высовывать,следовать,придерживаться,падать,отходить,приподниматься,входить,успокаиваться,быть,подражать,подхватывать,зевать,пытаться,выбегать,укладываться,говорить,стараться,приплясывать,оборвать,хлопать,прикреплять,искать,помолчать,пятиться,прыгать,распахивать,оглядываться,сгибаться,расти,фыркать,выглядывать,гнаться,приближаться,кашлять,пугаться,читать,взмахивать,	234	0.22503990069161198	0.3926174496644295	0.09393223010244287	12.085714285714285
Медведь	1888	1888	102	788	6722	89	подавать,расшаркиваться,наступать,целоваться,вздрагивать,задыхаться,вскакивать,отрывать,вздыхать,падать,отходить,хватать,садиться,класть,увидеть,звонить,входить,задумываться,ломаться,брать,останавливаться,уходить,хвататься,идти,зевать,говорить,стараться,становиться,глядеть,вставать,хлопать,подходить,топать,дразнить,сюсюкать,вспыхивать,трещать,слушать,рвать,возвращаться,кричать,злиться,пожимать,осматривать,смеяться,вскрикивать,плакать,	47	0.11722701576911633	0.5280898876404494	0.11294416243654823	7.7254901960784315
Семира	1751	1768	77	610	19716	30	броситься,метать,умирать,подписывать,падать,отходить,вести,садиться,входить,сноситься,идти,подымать,восставать,выхватывать,становиться,становясти,удерживать,закалываться,отдавать,всходить,иметь,хотеть,бросаться,	23	0.030939338608236965	0.7666666666666667	0.04918032786885246	7.922077922077922
Нахлебник	1848	1857	562	6641	24882	654	отскакивать,сталкиваться,покусывать,закладывать,выдвигать,прикасаться,подавать,смешить,толкать,передергивать,заливаться,вздрагивать,оставаться,обнимать,продевать,стоить,качать,прерываться,бормотать,покачиваться,вести,выпивать,садиться,кивать,посматривать,оправляться,растворяться,держать,ухмыляться,ставить,взволновать,дожидаться,рисоваться,останавливать,желать,появляться,подходить,вертеться,взглядывать,напевать,петь,вбегать,давиться,представлять,прохаживаться,делать,улыбаться,складывать,робеть,схватывать,теряться,подумать,вырываться,приезжать,щурить,рассматривать,плакать,бежать,отворачивать,закидывать,сидеть,молчать,дышать,выпрямляться,перебивать,пьянеть,мочь,вытягиваться,знать,обращаться,слезать,подмигивать,здравствовать,высовываться,воцаряться,шататься,смотреть,прятаться,останавливаться,находиться,идти,отступать,накидывать,выказываться,ходить,продолжать,передавать,посмотреть,глядеть,убегать,вставать,откашливаться,восклицать,благодарить,видеть,перерываться,вырывать,красться,подниматься,отталкивать,кричать,прислушиваться,разгорячаться,отдавать,надевать,одушевляться,шептать,гладить,навертываться,запутываться,отнимать,перемигиваться,усиливаться,замечать,сходить,раздаваться,отказываться,сказать,успевать,рыдать,конфузиться,хохотать,трепать,задыхаться,вскакивать,расставлять,содрогаться,прислуживаться,глянуть,спотыкаться,слабеть,оборачиваться,надвигаться,целовать,прижимать,исчезать,уходить,звенеть,браться,разгорячать,ехать,жать,переставать,наливать,развертывать,обрадоваться,бледнеть,становиться,стоять,напирать,дергать,заплакать,забиваться,участвовать,выталкивать,выговаривать,махать,начинать,выходить,узнавать,наклонять,протягивать,пить,возвращаться,хлопотать,ронять,пожимать,опускаться,сиять,играть,смеяться,прижиматься,хотеть,нести,поглядывать,ощупывать,миновать,вертеть,изумлять,потуплять,подъезжать,уверять,снимать,падать,отходить,сгибать,мигать,пробираться,жаться,звонить,входить,быть,воспользоваться,хвататься,подхватывать,выскакивать,выбегать,краснеть,погружаться,заикаться,говорить,стараться,переменять,умолкать,подступать,рассыпаться,показываться,помолчать,отворачиваться,кланяться,пятиться,нюхать,оглядываться,растрогать,выглядывать,возрастать,приближаться,пошептаться,кашлять,приходить,погасать,верить,подталкивать,	223	0.2668997668997669	0.3409785932721712	0.09847914470712242	11.816725978647687
Димитрий Самозванец	1770	1771	57	479	13776	20	вступать,издыхать,говорить,сидеть,хватать,закалывать,подыматься,отступать,опускаться,вынимать,приходить,приближаясти,метать,ударять,спать,подымать,восставать,вручать,вырывать,	19	0.03477061556329849	0.95	0.04175365344467641	8.403508771929825
Дети Ванюшина	1901	not specified in tei	471	9661	23291	919	отворять,сталкиваться,раздражаться,проезжать,подавать,вываливаться,раздеваться,подслушивать,увлекаться,присутствовать,упасть,отворяться,взяться,оставаться,обнимать,слышать,увивать,стоить,принадлежать,скакать,качать,помогать,доходить,вести,заменять,доставать,приготовлять,выпивать,висеть,садиться,покачивать,увидеть,задумываться,пересиливать,кидаться,дотрагиваться,держать,осматриваться,ставить,поцеловать,взволновать,мочить,пересчитывать,поздравлять,смолкать,ошеломлять,появляться,желать,терять,помещаться,подходить,вспоминать,обращать,есть,раздваивать,ударять,подавлять,расстраивать,сделать,слушать,держаться,взглядывать,подчеркивать,сжиматься,вбегать,кидать,делать,подсматривать,жеманиться,разваливаться,нажимать,улыбаться,выступать,проноситься,схватывать,подумать,рассматривать,вырываться,нахмуриваться,плакать,тронуть,следить,отбегать,бежать,сердиться,ожидать,бродить,сидеть,перелистывать,белиться,сдерживать,молиться,молчать,дышать,попадать,отстранять,относиться,отвертываться,пробуждаться,мочь,одеваться,склоняться,дрожать,овладевать,остолбенеть,действовать,обращаться,встречаться,стучать,уверяться,шататься,подыматься,смотреть,прятаться,брать,давать,вдохновляться,останавливаться,поддерживать,находиться,бить,идти,полагать,учиться,доноситься,искалечивать,посмотреть,ходить,продолжать,состарить,петь,убегать,глядеть,вставать,шепелявить,отрываться,сконфузить,блестеть,топать,видеть,дразнить,расстегивать,догонять,пропадать,заставлять,спрятать,вспыхивать,схватываться,спускаться,скрываться,уметь,опираться,чувствовать,кричать,отталкивать,прислушиваться,подставлять,владеть,отдавать,надевать,одевать,вызывать,оставлять,шептать,синеть,озлоблять,гладить,навертываться,закуривать,мешать,вскрикивать,озираться,завивать,наделять,недоумевать,сказать,сходить,раздаваться,происходить,затрагивать,замечать,рыдать,торопиться,багроветь,успевать,целоваться,делаться,отделяться,хохотать,скидывать,поступать,трепать,вскакивать,расставлять,передразнивать,унаследовать,растрепывать,побледнеть,прятать,спотыкаться,уяснять,класть,оборачиваться,прижимать,целовать,раздуваться,рекомендовать,уходить,ободрять,задумывать,переставать,наливать,обрадоваться,причесывать,становиться,обрадовать,стоять,окаймлять,взять,здороваться,дергать,освещать,удаваться,начинать,ласкать,встревожить,выходить,допивать,увидать,тащить,протягивать,всплескивать,пить,прийти,усаживать,возвращаться,писать,осматривать,ждать,опускаться,вынимать,курить,играть,освещаться,смеяться,тереть,хотеть,прижиматься,нести,думать,приставать,лопать,растериваться,подбегать,заваривать,приотворять,кипеть,окружать,бояться,привставать,следовать,шутить,накинуть,удивлять,падать,повторять,написать,отходить,называть,превращаться,снимать,подергивать,сообщать,раздражать,определять,сбрасывать,входить,растягивать,исключать,быть,позволять,хвататься,наполняться,обжигаться,выскакивать,выбегать,считать,захватить,погружаться,говорить,стараться,искать,хлопать,показываться,решаться,звать,кланяться,тушить,куриться,волноваться,удерживать,пробегать,выглядывать,проходить,щупать,приходить,вспомнить,читать,сажать,	309	0.4147954145378043	0.33623503808487487	0.095124728288997	20.51167728237792
Вишневый сад	1903	1904	575	6220	20703	576	отворять,понравиться,подавать,уронить,упасть,отворяться,скрипеть,наступать,вздрагивать,храпеть,обнимать,оставаться,стоить,запыхаться,качать,поставлять,бормотать,вести,доставать,лопнуть,рассердиться,толкнуть,садиться,упоминаться,танцевать,увидеть,кивать,задумываться,держать,глядеться,ставить,поцеловать,декламировать,ласкаться,подходить,чистить,есть,потягиваться,рвать,слушать,взглядывать,напевать,петь,вбегать,сжиматься,окидывать,делать,улыбаться,жаловаться,схватывать,приезжать,плакать,ложиться,бросаться,бежать,раздавливать,прощаться,сидеть,перелистывать,восходить,дышать,ездить,мочь,затворять,высыпать,меняться,грозить,удерживаться,дрожать,звучать,вздыхать,стучать,поглядеть,хватать,замирать,смотреть,брать,подпевать,бить,останавливаться,просыпаться,идти,покривиться,полагать,вернуться,доноситься,ходить,глядеть,забросить,убегать,стягивать,чувствоваться,пошатываться,поправлять,сконфузить,мечтать,дразнить,возвышаться,испугаться,опираться,стихать,прислушиваться,кричать,переходить,отдавать,торжествовать,одевать,надевать,закуривать,шептать,услышать,вскрикивать,обрываться,отнимать,усиливаться,раздаваться,рыдать,целоваться,лежать,хохотать,заглядывать,вскакивать,попудриться,отъезжать,усаживаться,семенить,трогать,класть,сходиться,топотать,цвести,встречать,целовать,исчезать,встряхивать,уходить,аплодировать,звенеть,жать,слагать,наливать,оторопеть,становиться,стоять,сосать,заплакать,обнаруживать,махать,обозначаться,возмущаться,выходить,утешать,всплескивать,пить,бывать,расслышать,возвращаться,ронять,хлопотать,рассыпать,осматривать,пожимать,опускаться,ждать,вынимать,играть,струшивать,смеяться,слышаться,хотеть,отвечать,дуть,кашлянуть,ощупывать,называться,гореть,потаскать,пудриться,бояться,темнеть,начинаться,подъезжать,удивляться,утомлять,падать,снимать,запивать,отходить,настраиваться,входить,спешить,быть,смущать,зевать,варить,наигрывать,говорить,пройти,стараться,искать,хлопать,показываться,звать,кланяться,натыкаться,тушить,прыгать,оглядываться,волноваться,оглянуться,кашлять,приходить,замахиваться,опрокидывать,читать,вспылить,мычать,проносить,	218	0.300439549823697	0.3784722222222222	0.09260450160771704	10.817391304347826
Бесприданница	1878	1879	403	3881	32331	285	обметать,подавать,оробеть,вздрагивать,качать,вести,доставать,садиться,кивать,задумываться,оскорблять,нагибаться,ставить,обниматься,обращать,подходить,ударять,жевать,взглядывать,напевать,петь,схватывать,подумать,рассматривать,приезжать,меблировать,отбегать,бросаться,закрываться,спрятаться,сидеть,молчать,одеваться,завертывать,грозить,поглядеть,хватать,смотреть,брать,давать,идти,разгорячиться,закинуть,продолжать,убегать,глядеть,вставать,прибивать,отталкивать,прислушиваться,переходить,отдавать,надевать,повертывать,происходить,конфузиться,целоваться,лежать,стрелять,слабеть,класть,целовать,уходить,жать,наливать,запевать,стоять,выходить,пить,ронять,пожимать,опускаться,вынимать,смеяться,хотеть,отвечать,подвигать,приставать,надуваться,раскланиваться,падать,снимать,отходить,входить,хвататься,выбегать,погружаться,подстраивать,говорить,стараться,показываться,кланяться,читать,	93	0.12003959048591135	0.3263157894736842	0.0734346817830456	9.630272952853598
Демофонт	1751	1752	54	371	20223	16	вкладывать,удерживать,хватать,становиться,закалываться,увидеть,целовать,схватывать,оборотиться,держать,вынять,хвататься,хотеть,отступать,	14	0.018345448251990307	0.875	0.0431266846361186	6.87037037037037
Бедность не порок	1853	1854	371	3880	21448	407	подавать,подтягивать,наступать,обнимать,поставлять,доставать,садиться,кивать,задумываться,ломаться,пригорюниваться,ставить,декламировать,обниматься,обедать,дремать,подходить,ударять,слушать,коситься,взглядывать,зажимать,петь,складывать,любить,схватывать,рассматривать,плакать,ложиться,сидеть,сдерживать,молчать,затворять,обращаться,вздыхать,стучать,хватать,смотреть,брать,бить,давать,останавливаться,идти,заниматься,полагать,прилегать,ходить,продолжать,убегать,вставать,ошибаться,махнуть,заставлять,составлять,прислушиваться,переминаться,разгорячаться,отдавать,надевать,одевать,мешать,шептать,гладить,ухватывать,целоваться,хохотать,заглядывать,трепать,вскакивать,откупоривать,водить,прятать,собираться,класть,засучивать,целовать,топнуть,уходить,переставать,наливать,запевать,вкопать,становиться,стоять,повесить,освещать,начинать,выходить,протягивать,подвигаться,пить,припевать,писать,возвращаться,вынимать,играть,смеяться,прижиматься,хотеть,поглядывать,окружать,сыпать,раскланиваться,покачать,удивлять,снимать,отходить,входить,утираться,наигрывать,говорить,приплясывать,стараться,помолчать,отворачиваться,кланяться,прыгать,управлять,подыгрывать,плясать,читать,	121	0.18090264826557254	0.2972972972972973	0.10489690721649485	10.45822102425876
Отрывок	1842	1842	34	238	7033	23	всплескивать,развертывать,говорить,стараться,продолжать,смотреть,усмехаться,увидеть,вынимать,подходить,вытаращивать,вскрикивать,уходить,читать,раскланиваться,прищуривать,бросаться,	17	0.03384046637281388	0.7391304347826086	0.09663865546218488	7.0
Баня	1929	1929	119	1838	20064	162	врываться,толкать,валиться,мерять,подтягивать,хранить,наступать,обнимать,поставлять,рвануться,доставать,грузить,трясти,отбивать,возиться,появляться,останавливать,выключать,слушать,напевать,вбегать,размахивать,разваливаться,диктовать,крутить,отстраняться,бросаться,прощаться,сидеть,перелистывать,лезть,отмахиваться,отстранять,стучать,трусить,смотреть,проборматывать,прятаться,разматывать,запаивать,свисать,останавливаться,поддерживать,идти,светиться,выхватывать,ходить,передавать,продолжать,секретарствовать,оттягивать,дозваниваться,охлаждаться,догонять,отшатываться,скрываться,кричать,переходить,прислушиваться,жестикулировать,похлопывать,загораться,копировать,вталкивать,замечать,захлопывать,наклоняться,отделяться,скидывать,вскакивать,накручивать,отрывать,пересматривать,семенить,объяснять,класть,прижимать,уходить,сверять,свистеть,выговаривать,махать,начинать,втыкаться,выходить,распахиваться,преследовать,ронять,пожимать,освещаться,дуть,гореть,подбегать,подкручивать,приоткрываться,приливать,начинаться,снимать,повторять,придерживать,входить,тухнуть,пытаться,сгребать,обжигаться,выбегать,выскакивать,говорить,хлопать,показываться,всматриваться,распахивать,вливаться,пробегать,приходить,придавливать,	116	0.09160685805422647	0.7160493827160493	0.088139281828074	15.445378151260504
Завтрак у предводителя	1849	1856	106	621	14049	53	происходить,молчать,обращаться,приподниматься,садиться,глянуть,целовать,входить,быть,уходить,развертывать,продолжать,вставать,помолчать,подходить,кланяться,выходить,пить,представлять,хлопотать,креститься,кричать,услышать,кашлять,смеяться,читать,	26	0.044202434336963484	0.49056603773584906	0.0853462157809984	5.8584905660377355
Сговор Кутейкина	not specified in tei	1799	63	533	7682	43	броситься,подавать,толкать,оробеть,образумиться,целоваться,охмелеть,храпеть,наткнуться,вскотать,уставлять,садиться,заснуть,увидеть,входить,размахиваться,уходить,просыпаться,зевать,наливать,отворить,взять,смаковать,подходить,кланяться,испугаться,взглядывать,пить,петь,представлять,кричать,схватывать,разнимать,пугаться,хотеть,сажать,	36	0.06938297318406665	0.8372093023255814	0.08067542213883677	8.46031746031746
Актеон	1913	1913	55	510	2309	51	замечать,раздеваться,наклоняться,болтать,обнимать,выпрямляться,озираться,разбегаться,лежать,скандировать,качать,помогать,откидываться,выносить,перекликаться,падать,садиться,смотреть,набегать,охотиться,входить,ломаться,исчезать,уходить,говорить,появляться,поддаваться,звать,подходить,начинать,метаться,хмуриться,протягивать,петь,подниматься,отшатываться,кричать,отдыхать,работать,стирать,ложиться,ворочать,	42	0.2208748375920312	0.8235294117647058	0.1	9.272727272727273
Три сестры	1900	1901	653	5892	28008	562	отворять,проезжать,подавать,вздрагивать,оставаться,обнимать,слышать,стоить,вести,доставать,рассердиться,садиться,танцевать,увидеть,задумываться,помешать,глядеться,нагибаться,прыскаться,ставить,декламировать,взволновать,подходить,потягиваться,слушать,взглядывать,напевать,петь,окидывать,кидать,отдыхать,улыбаться,раскладывать,подумать,рассматривать,плакать,ложиться,прощаться,сидеть,сдерживать,поздороваться,затворять,знать,спать,встречаться,вздыхать,суетиться,стучать,шататься,смотреть,брать,бить,лить,останавливаться,идти,ходить,глядеть,убегать,вставать,укачивать,мыть,поправлять,сконфузить,дразнить,испугаться,кричать,прислушиваться,надевать,мешать,одевать,тянуть,шептать,гладить,покидать,тосковать,повертывать,вскрикивать,вспотеть,сказать,сходить,рыдать,целоваться,лежать,хохотать,заглядывать,охватывать,трогать,собираться,класть,целовать,встречать,уходить,аплодировать,переставать,причесывать,оторопеть,стоять,здороваться,махать,начинать,ласкать,всплескивать,пить,усаживать,позвать,ронять,пожимать,посвистывать,спохватываться,вынимать,играть,ждать,разбиваться,смеяться,тереть,сдерживаться,прижиматься,нести,думать,начинаться,подъезжать,снимать,прогуливаться,отходить,звонить,спешить,входить,беседовать,быть,смущать,зевать,выбегать,огорчать,наигрывать,брызгать,говорить,картавить,завтракать,хлопать,показываться,кланяться,всматриваться,тушить,поправляться,оглядываться,волноваться,растрогать,расчесывать,выглядывать,плясать,очнуться,приходить,записывать,читать,браться,	155	0.21036846615252786	0.27580071174377224	0.09538357094365241	9.022970903522205
Горе от ума	1824	1825	209	1934	26601	140	сталкиваться,виться,подавать,обнимать,слышать,стучаться,затыкать,свешиваться,вести,садиться,увидеть,оправляться,направлять,держать,осматриваться,обниматься,останавливать,терять,уезжать,душить,подходить,потягиваться,зажимать,вбегать,делать,брезжиться,кружиться,бросаться,бежать,сидеть,спать,обращаться,покашливать,шаркать,суетиться,отправляться,ползать,смотреть,прятаться,гаснуть,останавливаться,просыпаться,идти,укутывать,вернуться,продолжать,глядеть,вставать,разбредаться,видеть,пропадать,спрятать,красться,спускаться,скрываться,заигрывать,кричать,отталкивать,хохотать,оборачиваться,целовать,уходить,являться,жать,освещать,выталкивать,выходить,хлопотать,ронять,хотеть,оборачивать,падать,отходить,примыкать,жаться,раскрываться,входить,кочевать,быть,фортопиять,зевать,говорить,умолкать,искать,помолчать,пятиться,тушить,оглядываться,расходиться,	89	0.07270403368294424	0.6357142857142857	0.07238883143743537	9.253588516746412
Неосторожность	1843	1843	272	2517	18251	244	отскакивать,подавать,толкать,отворяться,вздрагивать,оставаться,обнимать,прерывать,прерываться,садиться,кивать,задумываться,растворяться,осматриваться,ломать,дожидаться,изменяться,подходить,взглядывать,напевать,зажимать,представлять,делать,улыбаться,схватывать,бросаться,бежать,умолять,сидеть,молчать,перебивать,дрожать,овладевать,торить,вздыхать,стучать,смотреть,прятаться,давать,останавливаться,идти,подымать,ходить,выказываться,выхватывать,глядеть,вставать,видеть,вспыхивать,догонять,трещать,скрываться,опираться,угрожать,отталкивать,кричать,прислушиваться,раздаваться,взлезать,наклоняться,задыхаться,вскакивать,передразнивать,собираться,оборачиваться,прижимать,топнуть,силиться,уходить,являться,опоминаться,становиться,стоять,приседать,начинать,выходить,протягивать,вламываться,возвращаться,колебаться,смеяться,хотеть,отвечать,гореть,подбегать,предлагать,потуплять,умирать,падать,отходить,входить,обнажать,прихлопывать,говорить,показываться,кланяться,убивать,всматриваться,оглядываться,расти,тянуться,крикнуть,удерживать,выглядывать,возрастать,приближаться,приходить,дождаться,	108	0.13791025149306887	0.4426229508196721	0.09694080254270958	9.253676470588236
Русалка	1832	1837	45	356	5783	41	сидеть,молчать,целоваться,оставаться,падать,садиться,прятаться,входить,осыпать,давать,уходить,идти,наливать,говорить,вставать,показываться,подходить,дарить,выходить,рвать,расходиться,сыпаться,скрываться,кормить,сымать,отдавать,прясть,бросаться,	28	0.06155974407746844	0.6829268292682927	0.1151685393258427	7.911111111111111
Своя семья, или замужняя невеста	not specified in tei	1818	191	1277	19708	96	сказать,научать,подавать,сидеть,вертеть,обнимать,перебивать,вскакивать,прикалывать,вязать,знать,качать,выносить,падать,вести,отходить,садиться,услуживать,танцевать,увидеть,входить,быть,давать,останавливаться,уходить,идти,сделаться,мотать,обниматься,выбегать,передавать,продолжать,глядеть,вставать,искать,послушать,звать,приседать,подходить,испугаться,вбегать,возвращаться,смеючиться,ловить,любить,улыбаться,надевать,жениться,поглядывать,читать,плести,перебегать,сажать,браться,	54	0.06479602192003248	0.5625	0.07517619420516837	6.68586387434555
Смерть Иоанна Грозного	1866	1866	333	3223	33116	330	отворять,удаляться,закладывать,подавать,отворяться,просматривать,вздрагивать,оставаться,обнимать,запыхаться,голосить,заслоняться,садиться,задумываться,нагибаться,ставить,обниматься,столпляться,смущаться,обращать,подходить,просить,ударять,коситься,петь,вбегать,окидывать,делать,сымать,выступать,схватывать,отклонять,рассматривать,бросаться,бежать,размещаться,сидеть,молчать,прикладываться,разбегаться,драться,поклониться,вечереть,обращаться,наполнять,стучать,хватать,надзирать,шататься,подыматься,смотреть,брать,останавливаться,поддерживать,идти,подымать,благословлять,отступать,разглядывать,ходить,продолжать,мерить,глядеть,вставать,топать,вспыхивать,вырывать,опираться,кричать,надевать,одевать,шептать,спорить,озираться,усиливаться,пощупать,рыдать,расставлять,вырезываться,преклонять,класть,целовать,уходить,являться,наливать,развертывать,становиться,дергать,стоять,взять,начинать,выходить,отодвигаться,пить,возвращаться,писать,ронять,осматривать,опускаться,вынимать,смеяться,хотеть,изнурять,подвигать,окружать,начинаться,умирать,падать,отходить,входить,подхватывать,продолжаться,говорить,стараться,откладывать,показываться,помолчать,отворачиваться,кланяться,волноваться,щупать,велеть,валить,мять,читать,подталкивать,	126	0.09732455610580988	0.38181818181818183	0.10238907849829351	9.67867867867868
Недоросль	1781	1783	339	3022	30624	191	подавать,упасть,перевертываться,обнимать,стоить,запыхаться,помогать,доходить,выпялить,уцепляться,садиться,увидеть,задумываться,оправляться,держать,озлобиться,появляться,насмехаться,останавливать,идучивать,подходить,манить,ударять,задрожать,держаться,взглядывать,вбегать,ловить,схватывать,примести,работать,вырываться,бросаться,бежать,прощаться,отмахивать,очинивать,дрожать,мочь,поклониться,затворять,грозить,удерживаться,вздыхать,смотреть,брать,давать,идти,оправлять,обертываться,посмотреть,продолжать,убегать,глядеть,вставать,видеть,махнуть,вырывать,испугаться,смеючиться,кричать,отталкивать,иметь,шептать,тосковать,усмехаться,остервениться,вскакивать,бегать,целовать,распечатывать,откланиваться,крестить,вкопать,становиться,стоять,заплакать,взять,начинать,выходить,узнавать,заслонить,протягивать,запинаться,всплескивать,позвать,писать,осматривать,вынимать,смеяться,разнимать,подвигать,вскричать,подбегать,отходить,сказывать,входить,быть,выбегать,соединять,мигнуть,оглядываться,вглядываться,очнуться,замахиваться,порываться,обробеть,читать,вычислять,	109	0.09868077324973877	0.5706806282722513	0.06320317670416943	8.914454277286136
Гроза	1859	1860	297	2750	27952	256	подавать,обнимать,слышать,стоить,качать,садиться,задумываться,кидаться,держать,растопыривать,обращать,подходить,гулять,манить,потягиваться,взглядывать,петь,вбегать,делать,улыбаться,подумать,плакать,бросаться,бежать,закрываться,свистать,сердиться,сидеть,обращаться,вздыхать,стучать,хватать,смотреть,прятаться,брать,останавливаться,идти,подымать,прилегать,посмотреть,продолжать,глядеть,убегать,вставать,видеть,махнуть,разрушаться,плевать,отталкивать,прислушиваться,потупляться,вскрикивать,сходить,рыдать,целоваться,вскакивать,передразнивать,высматривать,прятать,собираться,класть,оборачиваться,целовать,топнуть,уходить,переставать,зажмуриваться,запевать,притаиться,становиться,стоять,дергать,взять,ласкать,начинать,выходить,увидать,возвращаться,осматривать,опускаться,играть,смеяться,прижиматься,хотеть,нести,растериваться,подбегать,пойти,потуплять,шутить,сконфузиться,покачать,раскланиваться,снимать,прогуливаться,отходить,падать,входить,хвататься,зевать,показываться,помолчать,отворачиваться,приклоняться,кланяться,оглядываться,выглядывать,всходить,освобождаться,	109	0.09838294218660561	0.42578125	0.09309090909090909	9.25925925925926
Царь Фёдор Иоаннович	1868	1868	337	3613	32295	303	отворять,подавать,наступать,просматривать,оставаться,обнимать,стоить,скакать,затыкать,качать,голосить,вести,доставать,садиться,спрыгивать,увидеть,задумываться,кидаться,сторониться,держать,дожидаться,смущаться,подходить,вписывать,взглядывать,петь,вбегать,выступать,направляться,плакать,бросаться,бежать,сидеть,прикладываться,выезжать,дрожать,строить,отпивать,грозить,обращаться,хватать,толпиться,смотреть,прятаться,брать,вытеснять,давать,останавливаться,бить,идти,подымать,благословлять,отступать,расступаться,трогаться,выхватывать,прикладывать,продолжать,передавать,ходить,глядеть,убегать,вставать,вырывать,вышивать,скрываться,опираться,отталкивать,прислушиваться,вооружаться,сходить,раздаваться,рыдать,изорвать,вскакивать,потряхивать,подписываться,класть,оборачиваться,целовать,уходить,являться,совещаться,докладывать,ехать,опоминаться,протесняться,становиться,стоять,дергать,заканчивать,начинать,выходить,пить,возвращаться,ронять,осматривать,опускаться,вынимать,смеяться,хотеть,следовать,падать,отходить,входить,запылить,выбегать,говорить,показываться,отворачиваться,кланяться,расходиться,удерживать,пробегать,расхаживать,приходить,читать,	117	0.11187490323579502	0.38613861386138615	0.08386382507611403	10.72106824925816
Дело	1861	1861	901	7704	39923	817	отворять,сталкиваться,припоминать,удаляться,подавать,подслушивать,плестись,оробеть,заливаться,наступать,вздрагивать,оставаться,вывертываться,обнимать,мешаться,качать,помогать,шелохнуться,поставлять,напяливать,вести,покачиваться,доставать,садиться,окладывать,трясти,покачивать,уставляться,увидеть,задумываться,посматривать,оправляться,размахиваться,вытягивать,осматриваться,покрутить,держать,наклонять,ставить,кидаться,повертеться,приостановиться,обниматься,взволновать,шарить,приматься,обращать,подходить,чистить,ударять,слушать,расстраивать,откидывать,взглядывать,напевать,петь,вбегать,ворочаться,водворяться,делать,листовать,наблюдать,кидать,улыбаться,складывать,диктовать,выступать,схватывать,подумать,вырываться,рассматривать,направляться,плакать,следить,застегиваться,бросаться,бежать,ухватиться,сливаться,закидывать,бродить,сидеть,молиться,молчать,дышать,забываться,выпрямляться,утыкаться,перебивать,затворять,расставить,тесниться,грозить,завертывать,дрожать,обращаться,вздыхать,высовываться,выносить,хватать,толпиться,смотреть,подыматься,подмаргивать,брать,давать,бить,останавливаться,поддерживать,углубляться,идти,обертываться,заниматься,оправлять,подымать,отступать,ходить,посмотреть,передавать,продолжать,постоять,глядеть,тащить,вставать,потеряться,пошатываться,оскорбляться,сконфузить,теснить,топать,вспыхивать,махнуть,рвать,составлять,шипеть,схватываться,ломиться,сниматься,стихать,прислушиваться,кричать,плевать,отдавать,надевать,одевать,тосковать,спохватиться,замечать,лишаться,захлопывать,ободряться,пустеть,рыдать,усмехаться,стискивать,качаться,хохотать,подщуривать,смешаться,набивать,сосчитывать,вскакивать,потряхивать,расставлять,хлопнуть,усаживаться,высматривать,приосаниться,насыкаться,класть,собираться,слабеть,оборачиваться,обнюхивать,целовать,исчезать,силиться,срываться,уходить,рваться,жать,докладывать,наливать,развертывать,становиться,стоять,повертываться,взять,смаковать,бочить,размахнуть,приседать,махать,разламывать,начинать,выходить,выворотить,придвигать,протягивать,увидать,всплескивать,пить,остановиться,усаживать,смешать,писать,предшествовать,возвращаться,переглядываться,подвигаться,осматривать,пожимать,опускаться,обстоять,вынимать,срывать,укладывать,смеяться,тереть,хотеть,нести,думать,ощупывать,сбираться,подбегать,вертеть,заваривать,возвращать,следовать,кривить,сконфузиться,покачать,раскланиваться,тыкать,снимать,отходить,отдуваться,козировать,жаться,входить,спешить,сохранять,подхватывать,зевать,выбегать,считать,заикаться,говорить,рассыпаться,проталкиваться,сетовать,сморкаться,подступать,искать,хлопать,показываться,помолчать,сдавать,решаться,кланяться,пятиться,нюхать,горячиться,оглядываться,сгибаться,расходиться,удерживать,порывать,пробегать,сверкнуть,креститься,выглядывать,приниматься,кляняться,оттаскивать,щупать,преклоняться,кашлять,приходить,порываться,читать,двигаться,браться,	283	0.1929714700799038	0.3463892288861689	0.10604880581516095	8.550499445061043
Предложение	1888	1889	73	490	6027	53	взвизгивать,целоваться,обнимать,трепать,перебивать,вздыхать,падать,хватать,поглядеть,целовать,входить,уходить,хвататься,идти,ходить,стараться,соединять,пошатываться,дразнить,волноваться,пить,растрогать,вбегать,подниматься,стонать,кричать,пожимать,смеяться,плакать,	29	0.08130081300813008	0.5471698113207547	0.10816326530612246	6.712328767123288
Разговор на большой дороге	1851	not specified in tei	105	1361	8147	151	виться,толкать,плестись,передергивать,страдать,прерывать,кутаться,выражаться,доставать,выпивать,закутывать,оправляться,взволновать,дремать,заваливаться,потягиваться,чмокать,расстраивать,закутываться,взглядывать,петь,ворочаться,тащиться,погонять,печь,сидеть,сдерживать,загнать,молчать,перебивать,спать,обращаться,вздыхать,воцаряться,стегать,бить,прислонять,останавливаться,просыпаться,подымать,отряхаться,продолжать,глядеть,откашливаться,поправлять,вспыхивать,заставлять,засорять,плевать,кричать,кряхтеть,одевать,иметь,шептать,успевать,сворачивать,наклоняться,прятать,спотыкаться,собираться,заснуть,оборачиваться,щуриться,силиться,встряхивать,ехать,похрапывать,развертывать,запевать,въезжать,сосать,протягивать,наклонять,запинаться,успокаивать,посвистывать,опускаться,вынимать,потуплять,приподниматься,пощелкивать,раскрываться,сбрасывать,успокаиваться,подхватывать,говорить,сечь,стараться,умолкать,утихать,помолчать,кланяться,нюхать,брыкать,приниматься,расплыться,кашлять,гнуться,	98	0.16705535780041733	0.6490066225165563	0.1109478324761205	12.961904761904762
Дядя Ваня	1896	1897	412	3829	21954	356	подавать,подбочениться,вздрагивать,оставаться,обнимать,слышать,стоить,бороться,помогать,вести,доставать,выпивать,сосчитать,садиться,настраивать,увидеть,кивать,закручивать,ставить,ломать,поцеловать,взволновать,дремать,ошеломлять,нагибать,подходить,есть,слушать,взглядывать,петь,вбегать,делать,подумать,плакать,укреплять,прощаться,кликать,сидеть,перелистывать,сдерживать,высыпаться,склоняться,грозить,вздыхать,стучать,прислоняться,смотреть,брать,давать,бить,останавливаться,идти,полагать,вернуться,ходить,глядеть,вставать,пошатываться,поправлять,низать,видеть,подсвистывать,кричать,прислушиваться,кутать,мешать,иметь,раздумывать,гладить,вскрикивать,отнимать,целоваться,лежать,вязать,стрелять,прятать,класть,оборачиваться,целовать,уходить,смягчаться,жать,наливать,свистеть,свертывать,становиться,стоять,выходить,протягивать,пить,возвращаться,писать,припадать,осматривать,пожимать,играть,укладывать,смеяться,прижиматься,хотеть,думать,нагрязнить,покачать,отходить,рыться,растягивать,звонить,входить,смущать,зевать,мотать,наигрывать,погружаться,говорить,стараться,затягивать,искать,хлопать,кланяться,всматриваться,оглядываться,будировать,удерживать,растрогать,волноваться,оглянуться,очнуться,сервировать,записывать,читать,освобождаться,	131	0.17441013027238772	0.36797752808988765	0.0929746670148864	9.29368932038835
Бригадир	1769	1786	165	1574	24467	105	ухватывать,подавать,кобенясти,сидеть,подбегать,иструситься,осердиться,хохотать,заглядывать,вскакивать,вязать,передразнивать,вскотать,вздыхать,вести,отходить,садиться,смотреть,увидеть,пасовать,входить,давать,кидаться,держать,притворяться,аплодировать,зевать,ставить,ходить,посмотреть,оторопеть,говорить,становиться,стоять,застыдиться,вставать,остановлять,продолжать,жеманясти,сдавать,идучивать,шить,видеть,кинуться,выходить,вслушиваться,придвигать,взглядывать,пить,петь,всплескивать,представлять,отдыхать,выступать,оставлять,курить,услышать,схватывать,шептать,раскладывать,подумать,смеяться,разнимать,плакать,шмыгать,приставать,	66	0.06433154861650386	0.6285714285714286	0.06670902160101652	9.539393939393939
Спор древних греческих философов об изящном	not specified in tei	1854	15	584	356	36	выдвигать,закидывать,оставаться,зеленеть,откидываться,доходить,ползать,смотреть,быть,направлять,летать,останавливаться,разгорячиться,постоять,продолжать,стоять,сосать,отворачиваться,сближаться,начинать,выходить,куриться,взглядывать,опираться,представлять,изгибаться,направляться,переставлять,отодвигать,приостанавливаться,возлагать,	31	1.6404494382022472	0.8611111111111112	0.06164383561643835	38.93333333333333
Волки и овцы	1875	1875	426	4067	45661	325	отворять,подавать,обнимать,качать,вести,выпивать,садиться,вытягивать,осматриваться,застегнуть,подходить,ударять,слушать,взглядывать,вбегать,диктовать,подумать,рассматривать,плакать,бросаться,свистать,склоняться,затворять,вечереть,грозить,высовываться,вздыхать,стучать,растворять,смотреть,брать,давать,идти,полагать,подымать,глядеть,убегать,вставать,махнуть,прислушиваться,отдавать,надевать,одевать,вскрикивать,склонять,сосчитывать,заглядывать,хохотать,прятать,щелкать,класть,целовать,распечатывать,разрывать,уходить,жать,наливать,развертывать,становиться,стоять,взять,выходить,обижаться,отодвигаться,придвигать,увидать,пить,возвращаться,осматривать,пожимать,посвистывать,опускаться,вынимать,смеяться,хотеть,нести,покачать,накинуть,раскланиваться,снимать,приподниматься,понюхать,звонить,обессилевать,входить,хвататься,зевать,считать,погружаться,говорить,показываться,отворачиваться,кланяться,нюхать,поцеловаться,сгибаться,читать,сажать,	98	0.08906944657366242	0.30153846153846153	0.0799114826653553	9.546948356807512
Моцарт и Сальери	1830	1831	17	124	2638	10	пить,играть,входить,хохотать,уходить,идти,	6	0.04700530705079606	0.6	0.08064516129032258	7.294117647058823
Трагик поневоле (Из дачной жизни)	1889	1889	16	191	3204	16	петь,сидеть,кричать,дышать,опускаться,наступать,вынимать,вскакивать,входить,гоняться,топать,держать,поводить,читать,оглядываться,	15	0.05961298377028714	0.9375	0.08376963350785341	11.9375
Свои люди – сочтемся	1849	1850	232	1932	33668	208	сходить,отказываться,подавать,сидеть,подбегать,лезть,рыдать,молчать,целоваться,просматривать,хохотать,трепать,вскакивать,охорашиваться,вздыхать,меблировать,выносить,неуспокоиться,доставать,отходить,хватать,бегать,садиться,класть,смотреть,прижимать,целовать,задумываться,входить,давать,уходить,деваться,смотреться,идти,ставить,зевать,наливать,считать,ходить,становиться,стоять,глядеть,вставать,хотеть,помолчать,показываться,подходить,кланяться,вальсировать,красться,пить,преследовать,скрываться,усаживать,возвращаться,делать,кричать,охорашивать,отдавать,надевать,вынимать,опускаться,шептать,смеяться,замахиваться,рассматривать,читать,плакать,ворочать,бросаться,бежать,	71	0.057383865985505524	0.34134615384615385	0.10766045548654245	8.327586206896552
Власть тьмы, или 'коготок увяз, всей птичке          пропасть'	1886	1887	604	6078	33458	644	отворять,подавать,толкать,раздеваться,ковырять,перевертываться,отворяться,скрипеть,рассуждать,вздрагивать,обнимать,стоить,затыкать,качать,бормотать,доставать,выпивать,садиться,спрыгивать,чинить,задумываться,сторониться,возиться,раздевать,нагибаться,держать,ставить,замолкать,останавливать,уезжать,обращать,подходить,манить,есть,справляться,ударять,слушать,держаться,взглядывать,петь,вбегать,кидать,представлять,делать,улыбаться,складывать,схватывать,работать,вырываться,приезжать,приглядываться,плакать,ложиться,бросаться,бежать,закрываться,кликать,сидеть,взвизгивать,лезть,молчать,отстранять,перебивать,одеваться,дрожать,удерживаться,завертывать,грозить,слезать,спать,подмигивать,вздыхать,перевивать,высовываться,хватать,толпиться,прислоняться,замирать,шататься,смотреть,подыматься,брать,останавливаться,поддерживать,просыпаться,идти,упираться,прикидывать,разглядывать,разгорячиться,сталкивать,выхватывать,продолжать,отдергиваться,убегать,глядеть,вставать,мыть,облокачиваться,трястись,видеть,вылезать,догонять,хмуриться,спускаться,подниматься,икать,скрываться,плевать,прислушиваться,кричать,светить,присаживаться,разгорячаться,отталкивать,отдавать,надевать,закуривать,тянуть,хныкать,сопеть,шептать,вскрикивать,повертывать,выползать,отнимать,обуваться,сходить,происходить,рычать,цепляться,влезать,обрывать,лежать,трепать,ворчать,вскакивать,вязать,передразнивать,подзывать,обувать,прятать,щелкать,класть,засучивать,встречать,уходить,наливать,развертывать,выть,оторопеть,становиться,стоять,повязываться,ткать,напирать,повертываться,повесить,дергать,взять,выталкивать,махать,начинать,выходить,узнавать,тащить,всплескивать,ржать,расслышать,пить,возвращаться,курить,укладывать,посмеиваться,смеяться,хотеть,отвечать,прясть,поглядывать,вертеть,падать,снимать,отходить,отдуваться,жаться,входить,встряхиваться,быть,притворяться,хвататься,подхватывать,зевать,разносить,сгребать,выскакивать,выбегать,мотать,говорить,переменять,искать,показываться,отворачиваться,кончать,смеркаться,кланяться,оживляться,оглядываться,удерживать,выглядывать,креститься,приниматься,проходить,подпоясываться,приходить,замахиваться,разуваться,читать,шептаться,отстраняться,подталкивать,	220	0.18166058939566024	0.3416149068322981	0.10595590654820665	10.062913907284768
Урок кокеткам, или липецкие воды	not specified in tei	1815	489	3086	28957	218	отскакивать,отворять,подавать,толкать,прерывать,оставаться,обнимать,помогать,вести,предварять,садиться,настраивать,увидеть,ставить,упадать,гулять,подходить,взглядывать,напевать,вбегать,сжиматься,представлять,делать,улыбаться,отбегать,бросаться,бежать,закрываться,спрятаться,сидеть,мочь,вздыхать,выносить,брать,давать,останавливаться,идти,продолжать,глядеть,вставать,облокачиваться,выдумывать,испугаться,красться,опираться,отдавать,надевать,шептать,вскрикивать,происходить,оправиться,впадать,целовать,уходить,наливать,становиться,взять,освещать,приготовляться,начинать,выходить,вслушиваться,протягивать,возвращаться,ронять,осматривать,вынимать,играть,смеяться,тереть,хотеть,подвигать,поглядывать,сбираться,подбегать,пойти,окружать,раскланиваться,отдергивать,отходить,зацеплять,входить,быть,позволять,струсить,хвататься,смягчать,говорить,показываться,кланяться,нюхать,оглядываться,отделять,примечать,встрестись,оглянуться,	96	0.10657181337845771	0.44036697247706424	0.07064160725858717	6.310838445807771
Свадьба	1889	1890	96	767	6109	79	наступать,целоваться,оставаться,перебивать,запыхаться,вздыхать,усаживаться,вести,стучать,дрогнуть,садиться,отставать,увидеть,спешить,входить,поперхнуться,воспользоваться,уходить,подражать,идти,докладывать,наливать,считать,говорить,стараться,вставать,освещать,кланяться,махать,выходить,вспыхивать,напевать,пить,растрогать,расслышать,кричать,хлопотать,играть,струшивать,кашлять,бежать,	41	0.12555246357832706	0.5189873417721519	0.10299869621903521	7.989583333333333
Провинциалка	1850	1851	313	3347	17188	312	отворять,подавать,вздрагивать,оставаться,стоить,аккомпанировать,садиться,швырять,покачивать,кивать,подождать,посматривать,растворяться,глядеться,ставить,поцеловать,проталкивать,рисоваться,останавливать,обращать,шить,подходить,вертеться,слушать,взглядывать,напевать,петь,представлять,прохаживаться,делать,комкать,улыбаться,схватывать,вырываться,рассматривать,направляться,следить,бросаться,скроить,бежать,вылетать,сидеть,выпрямляться,перебивать,одеваться,мочь,обращаться,вздыхать,поглядеть,прислоняться,смотреть,брать,давать,струхнуть,останавливаться,просыпаться,идти,упираться,восклицать,выказываться,посмотреть,продолжать,прикладывать,убегать,глядеть,вставать,откашливаться,ходить,поправлять,видеть,вспыхивать,скрываться,отталкивать,прислушиваться,кричать,стареть,надевать,одевать,услышать,одушевляться,оставлять,наморщивать,замечать,раздаваться,происходить,лежать,пробовать,вскакивать,передразнивать,глянуть,класть,оборачиваться,целовать,исчезать,уходить,переставать,перерывать,становиться,дергать,повертываться,приседать,начинать,встревожить,выходить,вслушиваться,протягивать,увидать,возвращаться,играть,смеяться,хотеть,потуплять,охорашиваться,встрепенуться,снимать,отходить,входить,погружаться,говорить,переменять,искать,показываться,помолчать,отворачиваться,кланяться,оглядываться,вглядываться,удерживать,выглядывать,расхаживать,расправлять,приближаться,читать,браться,	134	0.19472888061438212	0.42948717948717946	0.09321780699133553	10.69329073482428
Иванов	1888	1889	549	4786	30554	457	сталкиваться,подавать,касаться,вздрагивать,оставаться,обнимать,бороться,запыхаться,затыкать,вести,выпивать,садиться,увидеть,кивать,задумываться,застреливаться,останавливать,подходить,потягиваться,мяться,слушать,взглядывать,напевать,петь,вбегать,делать,прицеливаться,подумать,направляться,плакать,отбегать,бежать,закрываться,сидеть,отстранять,перебивать,дрожать,склоняться,вечереть,обращаться,вздыхать,хватать,смотреть,брать,давать,бить,останавливаться,идти,ходить,прикладывать,глядеть,вставать,пошатываться,видеть,дразнить,вспыхивать,поникать,гримасничать,подпрыгивать,кричать,прислушиваться,одевать,вскрикивать,рыдать,целоваться,обходить,лежать,хохотать,задыхаться,вскакивать,семенить,прятать,щелкать,класть,собираться,целовать,уходить,переставать,наливать,вкопать,оторопеть,стоять,здороваться,шагать,махать,возмущаться,выходить,увидать,протягивать,всплескивать,пить,возвращаться,ронять,пожимать,вынимать,играть,смеяться,прыскать,разучивать,хотеть,отвечать,думать,разодевать,гореть,притушивать,поравняться,подбегать,шутить,раскланиваться,снимать,запивать,отходить,крякать,падать,приподниматься,рыться,входить,разносить,зевать,выбегать,хлопать,показываться,кланяться,всматриваться,тушить,прыгать,оглядываться,циркулировать,волноваться,отделять,выглядывать,кашлять,закатываться,читать,вспылить,	135	0.15664070170845062	0.29540481400437635	0.09548683660676975	8.71766848816029
Балаганчик	1906	1906	38	1823	2588	144	раскачиваться,удаляться,врываться,казаться,касаться,стоить,раздергиваться,откидываться,висеть,лопнуть,вырастать,взволновать,оживать,появляться,обращать,душить,подходить,оказываться,петь,складывать,улыбаться,выкидывать,выступать,теряться,вырываться,кружиться,следить,взъерошивать,бросаться,колебать,бродить,сидеть,молчать,разбегаться,склоняться,вытягиваться,вздыхать,высовываться,хватать,толпиться,смотреть,прятаться,испугать,брать,бить,останавливаться,идти,заниматься,взвиваться,застыдиться,убегать,оттягивать,видеть,вылезать,спрятать,подниматься,кричать,заиграть,сваливаться,торжествовать,шептать,чертить,склонять,замечать,поболтаться,всплескиваться,наклоняться,лежать,целоваться,повисать,вскакивать,вырезываться,разронять,спотыкаться,класть,светлеть,сдвигаться,исчезать,уходить,услыхать,обнаруживаться,стоять,нарисовать,полететь,освещать,перегибаться,начинать,копошиться,просовываться,опускаться,вынимать,смеяться,прижиматься,хотеть,подбегать,распинать,умирать,прогуливаться,истекать,приподниматься,выкатить,быть,улетать,болтаться,выскакивать,говорить,соединять,размечтаться,помолчать,оживляться,прыгать,серебриться,гнаться,очнуться,приходить,опрокидывать,	116	0.7044049459041731	0.8055555555555556	0.07899067471201317	47.973684210526315
На большой дороге	1884	1914	213	1979	9045	193	отворять,отскакивать,подавать,толкать,располагаться,оставаться,качать,вести,висеть,доставать,садиться,задумываться,расплачиваться,держать,осматриваться,ежиться,уезжать,подходить,потягиваться,стонать,представлять,ловить,рассматривать,плакать,ложиться,бежать,сидеть,отстранять,уступать,спать,растягиваться,вздыхать,выносить,стучать,поглядеть,хватать,смотреть,бить,останавливаться,идти,ходить,глядеть,убегать,вставать,пошатываться,вырывать,подниматься,отталкивать,кричать,переходить,отдавать,закуривать,одевать,вскрикивать,развалиться,захлопывать,рыдать,хохотать,вскакивать,класть,собираться,оборачиваться,уходить,наливать,вкопать,становиться,стоять,махать,выходить,узнавать,вытаскивать,всплескивать,пить,осматривать,пожимать,укрываться,смеяться,слышаться,хотеть,дуть,высовывать,подбегать,полулежать,сконфузиться,подъезжать,снимать,падать,отходить,приподниматься,рыться,входить,наигрывать,говорить,стараться,хлопать,кланяться,тушить,вглядываться,кашлять,взмахивать,	100	0.21879491431730239	0.5181347150259067	0.09752400202122284	9.291079812206572
Скупой рыцарь	1830	1836	23	162	4600	14	всыпать,стучать,подавать,смотреть,выходить,входить,отымать,уходить,хотеть,подымать,бросаться,	11	0.035217391304347825	0.7857142857142857	0.08641975308641975	7.043478260869565
Театральный разъезд после представления новой          комедии	1842	1842	119	1273	18536	121	сходить,переговариваться,раздаваться,подавать,толкать,подбегать,пустеть,рассуждать,увеличиваться,весть,припихивать,заглядывать,обращаться,редеть,вести,переворачивать,отходить,отставать,пробираться,смотреть,кивать,целовать,входить,давать,уходить,идти,подаваться,подхватывать,сталкивать,говорить,растопыривать,продолжать,показываться,появляться,подходить,выходить,ударять,узнавать,махнуть,пропадать,удерживать,размахивать,делать,пожимать,надевать,посторониваться,бежать,	47	0.06867716875269746	0.3884297520661157	0.09505106048703849	10.697478991596638
Утро делового человека	1836	1836	27	342	2909	25	нацеплять,вертеть,вздыхать,оборачиваться,увидеть,звонить,входить,уходить,накидывать,развертывать,устремлять,помолчать,кланяться,оживляться,ударять,выходить,потягиваться,вбегать,выглядывать,пожимать,читать,	21	0.11756617394293571	0.84	0.07309941520467836	12.666666666666666
Снегурочка	1873	1873	229	3621	25131	309	прилетать,подавать,толкать,касаться,упасть,оставаться,обнимать,порастать,рассеиваться,качать,садиться,кивать,пошатнуться,оправляться,сближаться,гулять,подходить,манить,потягиваться,петь,представлять,расписывать,складывать,рассматривать,вырываться,плакать,ложиться,бросаться,бежать,сидеть,молчать,прилипать,драться,дрожать,меняться,обращаться,подыматься,смотреть,прятаться,брать,поддерживать,идти,подымать,оканчиваться,светиться,ходить,передавать,убегать,разделяться,вставать,благодарить,видеть,вылезать,покрываться,вырывать,спускаться,подниматься,кричать,прислушиваться,подставлять,отдавать,надевать,одевать,сходить,прибегать,брусить,повисать,завидеть,серебрить,водить,класть,сходиться,набегать,засучивать,оборачиваться,целовать,цвести,исчезать,уходить,переставать,запевать,становиться,стоять,догорать,приготовляться,махать,начинать,ласкать,выходить,увидать,пить,возвращаться,опускаться,вынимать,играть,прижиматься,хотеть,прясть,подвигать,нести,окружать,сыпать,таять,охорашиваться,снимать,падать,отходить,жаться,потчевать,входить,хвататься,зевать,выбегать,вызолачивать,проваливаться,говорить,стараться,нестись,зажмуриться,показываться,угощаться,кланяться,допевать,сыпаться,униматься,расходиться,удерживать,биться,прорезывать,выглядывать,приниматься,плясать,подталкивать,	133	0.1440849946281485	0.43042071197411	0.08533554266777134	15.812227074235809
Татьяна Репина	1889	1889	125	1069	6238	97	гореть,целоваться,оставаться,дрожать,задыхаться,венчаться,обращаться,валяться,вздыхать,снимать,вести,подпевать,давать,уходить,идти,передавать,сменять,становиться,венчать,пошатываться,кланяться,всматриваться,тушить,выходить,рвать,всплескивать,пить,петь,подниматься,стонать,кричать,полинять,опускаться,надевать,валить,слышаться,читать,предоставлять,греметь,	39	0.17136902853478678	0.4020618556701031	0.09073900841908325	8.552
Ночь перед судом	1884	1886	52	421	3116	35	подслушивать,закапчивать,снимать,доставать,прятать,садиться,рыться,увидеть,целовать,входить,уходить,прыгать,протягивать,тянуться,вырывать,скрываться,возвращаться,делать,выглядывать,кричать,писать,щупать,отвечать,бежать,	24	0.13510911424903724	0.6857142857142857	0.0831353919239905	8.096153846153847
Царь Борис	1870	1870	258	2605	37585	266	отворять,подавать,толкать,отворяться,вздрагивать,оставаться,доходить,садиться,притискивать,увидеть,размахиваться,сторониться,осматриваться,ставить,столпляться,подходить,ударять,слушать,выступать,схватывать,бросаться,размещаться,соблюдаться,сидеть,уступать,обращаться,хватать,шататься,смотреть,бить,останавливаться,поддерживать,идти,подымать,зачинаться,отступать,ходить,передавать,глядеть,вставать,подтаскивать,догонять,увертываться,скрываться,надевать,озираться,сходить,замечать,раздаваться,рыдать,обходить,хохотать,вскакивать,сшибать,целовать,уходить,являться,докладывать,наливать,свистеть,переодевать,становиться,стоять,дергать,взять,махать,выходить,тащить,пить,возвращаться,предшествовать,срывать,опускаться,играть,смеяться,хотеть,нести,приставать,подбегать,насыпать,следовать,окружать,накинуть,вваливаться,снимать,падать,отходить,входить,разносить,подхватывать,говорить,кланяться,расходиться,удерживать,всходить,приходить,читать,сажать,	98	0.06930956498603166	0.3684210526315789	0.10211132437619962	10.0968992248062
Урок дочкам	not specified in tei	1807	144	1063	13361	90	плакать,сидеть,барахтаться,пересаживаться,хохотать,вязать,падать,отходить,садиться,придерживать,почесывать,услуживать,схватить,нести,увидеть,кивать,входить,давать,уходить,откланиваться,убегать,перекланиваться,глядеть,показываться,приседать,подходить,видеть,вслушиваться,возвращаться,выглядывать,делать,исполнять,расхаживать,гоняться,выбиваться,становить,хотеть,бросаться,	38	0.07955991318015118	0.4222222222222222	0.08466603951081844	7.381944444444445
Где тонко, там и рвётся	1847	1848	273	3130	17094	292	сталкиваться,удаляться,подавать,толкать,отворяться,оставаться,обнимать,качать,вести,висеть,садиться,увидеть,задумываться,посматривать,растворяться,ухмыляться,держать,ставить,поздравлять,подходить,откидывать,взглядывать,хотеться,вбегать,представлять,прохаживаться,дерзать,улыбаться,выступать,подумать,рассматривать,бежать,ожидать,молчать,разбегаться,перебивать,завертывать,обращаться,подмигивать,вздыхать,стучать,воцаряться,поглядеть,смотреть,брать,давать,останавливаться,находиться,закатывать,идти,ходить,восклицать,продолжать,глядеть,убегать,вставать,откашливаться,подниматься,кричать,переминаться,надевать,одевать,мешать,замечать,раздаваться,заглядывать,трепать,глянуть,класть,собираться,оборачиваться,целовать,разрывать,уходить,жать,переставать,докладывать,свертывать,становиться,стоять,заплакать,начинать,выходить,протягивать,наклонять,подвигаться,возвращаться,писать,пожимать,вынимать,играть,смеяться,хотеть,отвечать,поглядывать,покраснеть,потуплять,раскланиваться,падать,отходить,пробираться,звонить,входить,краснеть,наигрывать,говорить,заговаривать,помолчать,отворачиваться,решаться,звать,кланяться,оживляться,нюхать,оглядываться,удерживать,кашлять,читать,браться,	119	0.18310518310518312	0.4075342465753425	0.09329073482428114	11.465201465201465
Американцы	1778	not specified in tei	140	1132	14691	65	ощупывать,лезть,вывертываться,лежать,обнимать,окружать,сороть,раздвигаться,рассердиться,садиться,схватить,фолать,целовать,входить,встречать,держать,уходить,выбегать,бросаться,убегать,искать,готовить,показываться,подходить,видеть,обезоруживать,ласкать,ударять,выходить,дразнить,разымать,оглядываться,испугаться,тащить,удерживать,пить,петь,вбегать,представлять,оставлять,вынимать,шептать,вырываться,смеяться,ложиться,нести,	46	0.07705397862636988	0.7076923076923077	0.05742049469964664	8.085714285714285
Маскарад	1836	1842	374	3121	25660	329	отскакивать,сталкиваться,подавать,толкать,рассуждать,вздрагивать,оставаться,выпивать,садиться,увидеть,задумываться,упадать,останавливать,обращать,подходить,ударять,слушать,откидывать,взглядывать,петь,делать,улыбаться,теряться,понтировать,вырываться,подумать,плакать,бросаться,сидеть,завертывать,спать,растворять,толпиться,смотреть,брать,давать,останавливаться,идти,отступать,ходить,продолжать,вставать,облокачиваться,опомниться,видеть,испугаться,разбивать,скрываться,отталкивать,кричать,прислушиваться,приставлять,отдавать,замечать,прибегать,отделяться,хохотать,заглядывать,задыхаться,вскакивать,добежать,всыпать,содрогаться,слабеть,класть,целовать,исчезать,уходить,являться,слагать,опоминаться,бледнеть,становиться,стоять,взять,скорчить,выходить,узнавать,тащить,писать,возвращаться,вынимать,играть,смеяться,хотеть,дуть,слыхать,продираться,метать,полулежать,начинаться,раскланиваться,интриговать,умирать,падать,снимать,отходить,спадать,звонить,входить,успокаиваться,быть,зевать,погружаться,говорить,переменять,искать,показываться,помолчать,отворачиваться,кланяться,видать,расходиться,приближаться,приходить,пугаться,читать,	117	0.12162899454403742	0.3556231003039514	0.10541493111182314	8.344919786096257
Тяжба	1836	1842	21	143	3439	17	икать,размахивать,продолжать,сидеть,входить,вытаращивать,вскрикивать,читать,браться,	9	0.04158185519046234	0.5294117647058824	0.11888111888111888	6.809523809523809
